Incident_ID,Age,Gender
20221022OHDUC,,
20221022ILCHC,Adult,Male
20221022ILCHC,Adult,Male
20221021OHSHS,Adult,
20221021CAGRS,Adult,
20221020COCAD,Adult,Male
20221020PAPAP,Adult,Male
20221019TNROR,,Male
20221018NVSUL,,
20221018ORJEP,,
20221017CAWIS,,
20221017FLORT,Adult,Male
20221016VAFAR,Adult,
20221014LAJHA,,
20220908LAJHA,Teen,
20221014NCJAG,Adult,
20221014NCJAG,Adult,
20221014VAWER,Adult,
20221014LABOB,Teen,
20221014LABOB,Teen,
20221014LABOB,15,
20221014TNRIM,,
20221013NYSCB,Adult,
20221013NYSCB,Adult,
20221013TXJOD,Child,
20221012NCCAC,14,Male
20221011ORREP,,
20221011KSSAS,15,Male
20221010WIJAM,17,Male
20221009MAWAA,,
20221008MOJCK,Teen,
20221007MIBAB,,
20221007NCJHG,,
20221007AZCAP,,
20221007OHWHT,,Male
20221006OHMAC,Adult,
20221004MAJB,17,Male
20221004NCPIS,Child,
20221003MIOXO,Adult,
20221001CACOO,37,Male
20220930OKMCT,,
20220930NYNEN,,
20220928LASEB,15,Male
20220928CARUO,Adult,
20220928CARUO,Adult,
20220927PAROP,21,Male
20220927PAROP,17,
20220927PAROP,15,
20220927PAROP,16,
20220927PAROP,,
20220927TXHGD,,
20220926GAVAV,,Male
20220923CANOC,Teen,Male
20220923WIROM,Adult,Male
20220923PAWEP,,
20220923DEAPM,,
20220923MNRIM,15,Male
20220923MNRIM,16,Male
20220921INJAS,Teen,
20220920NYINB,36,Female
20220919FLTRS,Adult,Male
20220919LALAN,Child,Male
20220917GAJOA,19,Male
20220916GALAA,Adult,
20220916GALAA,Adult,
20220916GALAA,Adult,
20220916NYPSN,Teen,Male
20220914PACON,Teen,
20220913UTBOB,Teen,Male
20220913MIJAJ,,
20220913MDOXO,,
20220913CAVAV,Teen,Male
20220909WIWIR,,
20220909WIMIM,,
20220907OHBEB,Adult,Male
20220907MDCAB,,
20220907WIBAM,17,Male
20220907WIBAM,27,Male
20220906IANOS,16,
20220906IANOS,14,
20220904FLBOL,Adult,Male
20220902MDMEB,17,Male
20220902INJEL,15,Male
20220831DCIDW,15,Male
20220831NMDEA,17,Male
20220831PAFRP,,
20220829CAMAO,12,Male
20220827MONOS,42,Male
20220826OHGAC,,
20220823OHINC,,
20220823OHART,Adult,
20220819LAAKN,12,Female
20220819OHGRG,18,Male
20220819TNWEC,16,Male
20220818FLLER,18,Male
20220816TXPOB,Teen,Male
20220815CALIS,17,Male
20220813ARMAL,,
20220812CASIV,,
20220811GAUCB,64,Male
20220810GAMCA,18,Male
20220809PACHP,Adult,
20220805MATHL,25,Male
20220805GAJOJ,27,Male
20220803PALEP,Adult,Male
20220731CAOAO,Adult,
20220731CAOAO,Adult,
20220731CAOAO,Adult,Male
20220730NYRHH,,
20220729INCOS,51,Male
20220728KSMOG,22,Male
20220726PALAL,20,Male
20220726TXCOC,Adult,Male
20220725NYBRB,Adult,Male
20220720CAJOV,Adult,Male
20220716NYCLS,Adult,Male
20220716GAAPF,Adult,
20220629CABUA,,
20220620ILGRC,,
20220613WAMAE,15,Male
20220610ALBYB,Teen,Male
20220609ALWAG,,
20220608ARLIL,,
20220607MIPED,,
20220605INWEG,Teen,
20220601CAULL,,Male
20220531LAMON,18,Male
20220531LAMON,40,Male
20220530CAHEL,Adult,Male
20220529ILDAC,,
20220529ILDAC,,
20220529ILDAC,,
20220526TXDUA,55,Male
20220526SCMEG,,
20220525ILSTC,,
20220524WIRIM,Teen,Male
20220524TXROU,18,Male
20220524DCPOW,,
20220523PASIP,,
20220520VAPOD,Teen,Male
20220520TNEAC,,
20220520OHCAC,Teen,Male
20220520ILSOP,Adult,Female
20220520ALMAT,,
20220519VAGER,,
20220519MIEAK,18,Male
20220519MIEAK,18,Male
20220519MIEAK,,
20220519MIEAK,,
20220519MIEAK,,
20220518TNRIM,17,Male
20220518FLPAP,13,Male
20220517ILWAC,7,
20220517CASAS,,
20220516TXMEM,Teen,
20220515NHBEB,Teen,Male
20220515NHBEB,Teen,Male
20220515ILMEP,16,Male
20220513GASOM,,
20220513FLALW,,
20220512TXHEH,18,Male
20220512ARHOH,25,Male
20220511FLJAJ,,Male
20220509NYEDS,Adult,Male
20220509GARIS,57,Female
20220505OHLOL,13,Male
20220505OHLOL,Adult,Female
20220505ALDOD,20,Male
20220503CAARS,,
20220501VALOM,Adult,Male
20220501OHHAC,,
20220430PAMCJ,Adult,Male
20220427TXMOS,,
20220427INCOS,Child,
20220426MIASI,Child,
20220426GASOM,,
20220426GASOM,Adult,Female
20220425WIWIM,,
20220425WIWIM,,
20220424MOHAF,18,Male
20220424MOHAF,18,Male
20220422ORHOS,Teen,Male
20220422DCEDW,23,Male
20220422CAMOR,,
20220421NDMOM,,
20220416IAMED,Adult,
20220415VAGAW,,Male
20220414MSNEP,Teen,Male
20220414MSNEP,Teen,Male
20220414MSNEP,Teen,Male
20220413MISHS,11,Male
20220411ARPIP,Teen,Male
20220410MALYL,,
20220406WVRIR,15,Male
20220406WASTM,,
20220406ORROP,,
20220405PAERE,Minor,Male
20220403INBLB,18,Male
20220403INBLB,15,
20220331SCTAG,12,Male
20220331PAACP,8,Male
20220330GABOA,31,Female
20220330AZKIK,14,Male
20220329VALUR,Teen,
20220329NVWEL,Adult,
20220328TXNOF,,
20220328NCOAC,18,Male
20220325UTHIS,Teen,Male
20220325UTHIS,Adult,Male
20220325TXROR,Teen,
20220325TXROR,Teen,
20220325TXROR,Teen,
20220325TXROR,Teen,
20220325TXROR,Teen,
20220325TNBRM,Adult,Male
20220324VARIW,20,Male
20220322VAJAR,Adult,
20220322TXWOD,Teen,
20220322FLNEN,17,Male
20220321MSLEP,Adult,Male
20220321MIMAK,36,Female
20220321AZDES,31,Male
20220319ALCEL,Adult,Male
20220318RICEP,17,Male
20220318RICEP,18,Male
20220318ILBAB,Teen,Male
20220317AKREW,Teen,Male
20220316CALOR,12,Male
20220315WAEIY,15,Male
20220315MDPAB,,
20220315MATEB,16,Male
20220315MATEB,17,Male
20220315GAFOF,Adult,
20220314CAKRP,Adult,Male
20220313PANEP,,
20220311WIJER,Child,
20220311OHMAM,,
20220311OHFAP,43,Male
20220311CADER,Teen,Male
20220310TNHAM,Adult,Female
20220310MDCOL,Adult,Male
20220310COROH,17,Male
20220309TXNOH,18,Male
20220309NMESE,,
20220309FLNOM,18,Male
20220309FLNOM,17,Male
20220307IAEAD,17,Male
20220307IAEAD,14,Male
20220307IAEAD,Teen,Male
20220307IAEAD,Teen,Male
20220307IAEAD,Teen,Male
20220307IAEAD,Teen,Male
20220304KSOLO,18,Male
20220303MIJWL,,Male
20220228NYBOB,Teen,Male
20220227DCDUW,,
20220225NMWEA,14,Male
20220225ALSOH,10,
20220223VAWOW,,
20220222TXALH,Adult,Male
20220222COLIP,,
20220221MDJOH,Adult,Male
20220220OKWIW,Adult,Male
20220220MSMCM,Teen,Male
20220219VACAC,,
20220218MATET,18,Male
20220218MATET,17,Male
20220218MATET,17,Male
20220218MATET,16,Male
20220217WAMCG,Adult,Male
20220214FLLAL,39,Male
20220211DCEAW,,
20220209NYMCB,17,Male
20220209MNMIM,Adult,Male
20220208NYMOM,,
20220208MDCAC,16,Male
20220204GASOD,Teen,Male
20220204ALWEB,,
20220203NCSPS,,
20220202KYLOR,,
20220201WIRUM,34,Male
20220201MNSOR,18,Male
20220201MNSOR,19,Male
20220201ILALC,Adult,Male
20220129WIBEB,Adult,Male
20220128LACAM,Adult,Male
20220127TXMOH,Adult,Male
20220126PABAP,,
20220124NVSUL,,
20220121MDMAR,17,Male
20220121GAMCA,19,Male
20220119VAMAP,19,Male
20220119VAMAP,18,Male
20220119VAMAP,Teen,Male
20220119PAPIP,,Male
20220119PAPIP,,Male
20220119FLSES,16,Male
20220119DCANW,Adult,Male
20220117TXPYH,Adult,Male
20220117TXPYH,Adult,Male
20220117TXPYH,Adult,Male
20220114MDGAG,27,Male
20220111NMVAA,,
20220106CAFLS,Teen,Male
20220104ILAUR,16,Male
20220104ILAUR,17,Male
20220103WACHP,Adult,Female
20220103OHCOC,,
20211229NCCAS,Teen,Male
20211229NCCAS,Teen,Male
20211217TXWOD,Teen,Male
20211216SCEAC,15,Male
20211216NYPSB,Adult,Male
20211214WISOM,18,Male
20211214VAMEN,18,Male
20211213NCWEC,Teen,Male
20211213FLEAO,Teen,
20211212NYSCR,21,Male
20211211GAJOG,17,Male
20211211FLEDL,Adult,Male
20211210OHCAC,Adult,Male
20211210NCJEC,,
20211210NCJEC,,
20211209NYGRN,Adult,Male
20211208MOEWK,,Male
20211208KYSTL,,
20211207ILHAC,23,Male
20211206NYSUS,16,Male
20211206CAWIW,Adult,Male
20211206CAWIW,Adult,Male
20211203ARBLB,19,Male
20211202WAGAS,Teen,Male
20211201TXSAP,21,Male
20211130TNHUH,21,Male
20211130OHWHW,18,Male
20211130MIOXO,15,Male
20211130CALOL,,
20211129ILWER,Teen,Male
20211129AZCHP,Teen,Male
20211126CAWES,Adult,Male
20211125SCCEP,,
20211124ILTHH,,
20211123OHCLC,Adult,Male
20211119MDGIB,,
20211119COHIA,16,Male
20211119COHIA,16,Male
20211119COHIA,16,Male
20211119COHIA,17,Male
20211116NYPSB,45,Male
20211116FLJAJ,Adult,
20211115NYPOP,13,Male
20211110NYITI,,
20211109NMMEL,Adult,Male
20211108NYTHB,Teen,Male
20211106FLOVO,Teen,Male
20211102NMHIH,12,Male
20211102NMHIH,12,Male
20211030PASTM,Adult,Male
20211027SCCAS,17,Male
20211026MSCAN,,
20211026ILWIC,Adult,Male
20211022PAPHP,18,Male
20211021NYPSB,Adult,Male
20211021GABES,33,Male
20211018PALIP,21,Male
20211017ARROR,28,Male
20211015CAKEF,33,Male
20211015ALWIM,19,Male
20211014MEREP,,
20211013PACHD,10,Male
20211013PACHD,10,Male
20211013ILMCC,,
20211012OKUNT,Teen,Male
20211012MIELK,,Male
20211012ILWEC,,
20211012ARLIL,,
20211011ORROP,,
20211008OKCOC,Teen,
20211007TXEAW,,
20211007PAANP,,
20211007NCEAD,39,Male
20211007DCWAW,18,Male
20211006TXTIA,18,Male
20211005NDHEH,Teen,
20211005NCGAC,Teen,Male
20211004PASCP,Adult,Male
20211004OHWOT,,Male
20211004ILLAC,,
20211001TXYEH,25,Male
20211001NCSEF,,
20211001NCNOD,,
20211001INBEI,16,Male
20211001INBEI,14,Male
20210930TNCUM,13,Male
20210930MSNEN,6,Male
20210929OHSHS,Adult,Female
20210928MESOS,,
20210927ILCAC,Child,
20210924VAESE,,
20210924TNSTS,18,Male
20210924TNSTS,17,Male
20210924MDWIB,,
20210924ALFAF,,
20210923IDRIR,13,Female
20210922NYSOB,,
20210922CTLIN,,
20210921PAVAP,,
20210921OHMIM,,
20210921KSEAW,17,Male
20210921GAFRA,Adult,
20210921FLLAL,Minor,
20210920VAHEN,15,Male
20210920OHEAC,,Male
20210920OHEAC,,Male
20210918COWIC,,
20210917VAHEH,,
20210917TNAUK,,
20210917PAWEP,Teen,
20210917NCPAW,Teen,Male
20210917GASWS,,
20210916WIORM,Adult,Male
20210916UTPRP,Teen,Male
20210916OHBEC,,
20210915VASPS,Child,
20210915KYMAL,Adult,
20210915ILCEC,15,Male
20210915ILCEC,17,Male
20210914TNLAL,15,Male
20210914MOMCH,Adult,Female
20210914MOMCH,Adult,Female
20210913SCEDC,54,Female
20210910CONOA,,Male
20210910CASTP,62,Male
20210909NCSHE,,
20210909MITRF,Teen,Male
20210909ILCHC,Adult,
20210908MNPRB,,
20210908MNPRB,,
20210908MNPRB,,
20210908ILCEC,18,Male
20210907TNLAL,15,Male
20210907PAHAH,Teen,Male
20210907MAOMG,18,Male
20210907MAOMG,18,Male
20210903NVDEL,Adult,
20210903NCJUC,,
20210903CAMTH,16,Male
20210903CAMTH,Teen,Male
20210903CABUB,Adult,Male
20210902NMALA,16,Male
20210902NMALA,Teen,
20210902INWEG,Teen,Male
20210902GAWOS,24,Male
20210902CASAL,17,Male
20210902CASAL,17,Male
20210902ARLIL,36,Female
20210901NCMTW,15,Male
20210901ILFRC,,
20210830NJWEN,,
20210830NCNEW,15,Male
20210830MDNEO,34,Male
20210830FLOKW,Teen,Male
20210828CASAS,,
20210827VTEDB,,
20210827VAFRW,17,Male
20210827PAACS,,
20210827PAACS,,
20210827PAACS,,
20210827PAACS,16,Male
20210827PAACS,18,Male
20210827KYAPO,Adult,Male
20210827INHAH,17,Male
20210826WAAKS,14,Male
20210826WAAKS,17,Male
20210826OHNOT,Adult,Male
20210826NYHAH,27,Male
20210822ILWER,17,Male
20210820NEMIO,Adult,
20210820CACEF,19,Male
20210818SCORO,14,Male
20210817COYED,18,Male
20210815VAROD,,
20210814SCDAH,,
20210814ILMAC,,
20210813NMWAA,13,Male
20210813GACAS,,
20210812GALIL,,
20210812CANOS,Teen,
20210811COMAC,,
20210811CAOAO,,
20210810OHEAC,12,Male
20210807ORGIP,,
20210806LASTH,17,Male
20210805GACHD,23,Male
20210804ALBUM,,
20210727WATYS,Adult,Male
20210721ILTHC,,
20210719TXCAC,Teen,
20210718ARFOL,Adult,
20210709KSCAW,Adult,Male
20210708ILBEC,Adult,
20210704NYDRR,,
20210628CASLF,Adult,
20210624ILABR,Adult,
20210620CAGRM,Adult,
20210614TXEAF,,Male
20210614NCROR,,
20210614NCROR,,
20210614NCROR,,
20210614NCRJW,26,Male
20210613PAWIP,,Male
20210613PAPAC,78,Male
20210612MOMCF,18,Male
20210610CTHOW,41,Male
20210610CTHOW,45,Male
20210609VAWIR,Teen,Male
20210609TXNOH,18,Male
20210608PAMUS,17,Male
20210608KSHAK,16,Male
20210608KSHAK,17,Male
20210607TXEAF,,
20210606VADRA,,
20210606VADRA,,
20210601ILLIC,17,Male
20210525NJPAP,15,Male
20210517TXBRE,13,Male
20210517TNAUM,51,Male
20210517MDLOC,18,Male
20210517MDLOC,20,Female
20210514CASAS,16,Male
20210514CASAS,16,Male
20210511NYPSB,Teen,Male
20210511CAVEL,,
20210506SCFOC,23,Male
20210506IDRIR,13,Female
20210505SCWAW,Teen,Male
20210505MICRC,Adult,Male
20210502ILCHC,Adult,
20210502ILCHC,Adult,
20210501MNBES,Adult,Male
20210501MNBES,Adult,Male
20210501MNBES,Adult,Male
20210430INMAI,Adult,Male
20210429NYURB,15,Male
20210429NYURB,16,Male
20210429CAVIV,17,Male
20210427TNLAM,Adult,Female
20210427DESMS,47,Male
20210426MNPLP,12,Male
20210420TXHAH,Adult,Male
20210420TXHAH,Adult,Male
20210418OHWED,,
20210413TNMAC,32,Female
20210412TNAUK,17,Male
20210412CASAS,36,Male
20210411INBIH,38,Male
20210407ILPEP,14,Male
20210406ILBAC,19,Male
20210401OKCLC,,
20210401ALSES,15,Male
20210327MAPEC,,
20210326MOCAS,33,Male
20210324ORFOS,Teen,Male
20210319WVSPM,Teen,Male
20210319WVSPM,Teen,Male
20210318KYGRL,36,Male
20210315INMEM,18,Male
20210315INMEM,20,Male
20210313TXLEA,66,Male
20210311OHCIC,Adult,
20210309TNSAK,,
20210308SCEDC,54,Female
20210301ARWAP,15,Male
20210226LAGEN,35,Male
20210224WAGAY,Teen,Male
20210222CAHOV,,
20210219ILLIR,,
20210217TNKNK,30,Male
20210216NCTHS,Child,Male
20210216NCTHS,Child,Male
20210214MNROM,,
20210210TXFOF,17,Male
20210210TXFOF,18,Male
20210210NJSCP,,
20210210LASTS,Adult,Male
20210208MISCG,,Male
20210205MDBEM,,
20210201MIMUD,Teen,Male
20210127MSHAH,14,Male
20210127FLHOH,Teen,
20210127FLHOH,Teen,
20210121OKLOG,Adult,Male
20210121OHEAC,Adult,Male
20210114MDHIW,,
20210110ILSOS,,
20210104NYPEJ,Adult,Male
20201229WAROS,,
20201225FLYOP,,
20201216ILDUC,,
20201211VATAY,,
20201207ILEAC,,
20201125KSABG,31,Male
20201124NCHEH,13,Male
20201117TXWEW,Teen,Male
20201117MTGRG,19,Male
20201116TNWIM,25,Male
20201113NCLIL,,
20201112PANAH,18,Male
20201112CACEU,Adult,
20201109TXCOH,,
20201109CABAL,Adult,Male
20201108INTET,23,Male
20201106AZKHT,74,Male
20201102COERE,,
20201029FLLAM,,
20201028NYROR,,
20201026GARIR,Adult,Male
20201024CTSTS,,
20201020ARJAP,17,Male
20201018KYSEL,,
20201014WAWAS,23,Male
20201014WAWAS,26,Male
20201014PABRB,11,Male
20201013RIRHP,,
20201012TXNOD,Adult,Male
20201012MNSHS,,
20201009FLJEJ,18,Male
20201005OKSOM,Teen,
20201005ARKIH,Adult,Male
20201005ARKIH,,
20201002PAMAE,,
20200930CADYL,,
20200928CTEAN,Adult,
20200925NJHAH,,
20200925ILROR,30,Male
20200924ILMCS,,Male
20200924CAWAC,25,Male
20200924CAWAC,27,Male
20200924CAWAC,29,Male
20200923PAWIW,22,Male
20200923FLHIJ,18,Male
20200921CAPLP,46,Male
20200920UTLIS,,
20200919CAKRS,,
20200918KYWIL,,
20200917ORDRP,,
20200917OHELA,Teen,Male
20200916WAARG,Adult,Male
20200916CASOS,20,Male
20200915UTVIB,27,Male
20200915SCYOR,,
20200910OHSAC,Adult,
20200910ILPEP,Adult,Male
20200909TXSOH,Adult,Male
20200909PAWEW,Adult,Male
20200904FLLOJ,Adult,
20200903GADOA,Adult,
20200830TXLOD,17,Male
20200825MOWEC,Adult,
20200817MIABG,Adult,Male
20200804PAKEP,29,Male
20200729ILCOC,17,Male
20200727AZCAO,40,Male
20200721SCBRO,21,Male
20200714MIWID,Adult,Male
20200704INLAM,22,Male
20200701ILFRP,25,Male
20200630OHLAW,19,Male
20200627VAHAS,17,Male
20200621INCOC,14,Male
20200621INCOC,16,Male
20200621INCOC,16,Male
20200618INJOI,,
20200616FLTOM,,Male
20200603IAGAD,Adult,Male
20200527OHLUC,21,Male
20200527OHLUC,Adult,Male
20200525ALORM,,Male
20200522OHMIC,,
20200519VAWEM,18,Male
20200515NCSTC,Adult,Male
20200505CAGOV,,
20200419NCABR,24,Male
20200413NEMOO,,Male
20200330GANAS,,
20200330GANAS,,
20200324LAROM,Adult,Male
20200324LAROM,26,Male
20200324LAROM,Adult,Male
20200318LABOS,Teen,Male
20200315TXATH,20,Male
20200313TNPIR,Adult,Male
20200310PASHN,41,Male
20200305FLSAW,55,Male
20200302TXNOF,Teen,Male
20200221NMCEA,,
20200215DCDUW,,
20200212MOJOF,Adult,Male
20200205NHSEC,17,Male
20200204LABEA,17,Male
20200203FLGEJ,,
20200201TXHIH,Adult,Male
20200131CADEA,15,Male
20200128TXLUL,17,Male
20200128TNWHM,18,Male
20200128NYMAQ,16,Male
20200127WAROY,18,Male
20200123CAOXO,,
20200121NEPAL,,
20200121ILLIC,,Male
20200119TXNOF,Adult,Male
20200119TXNOF,Adult,Male
20200117SCCAS,16,Male
20200117MITHH,25,Male
20200114TXPOM,17,Male
20200114TXPOM,17,Male
20200114TXBEH,16,Male
20200111TXELD,15,Male
20200110MSMCJ,13,Male
20200108FLGLB,,
20200107WASOK,16,Male
20200107WASOK,16,Male
20191228MOMAS,17,Male
20191221LAWES,34,Male
20191219FLLEN,50,Male
20191216CTCAN,Adult,Male
20191213VAMAN,17,Male
20191211KSCHT,,
20191211INEVE,,
20191210NJSAJ,47,Male
20191210NJSAJ,50,Female
20191210KSJCK,,
20191210ALDED,22,Male
20191204NMPIL,Adult,Male
20191203WITHM,13,Male
20191203WIOSO,Adult,Male
20191202WIWAW,17,Male
20191201ALMOM,31,Male
20191126WASAV,38,Male
20191125ILCAC,,Male
20191124CASEU,18,Male
20191124CASEU,17,Male
20191124CASEU,20,Male
20191121ILRIO,19,Male
20191115NJPLP,31,Male
20191115NJPLP,28,Male
20191114CASAS,16,Male
20191113CAESL,Adult,
20191111MDACB,,Male
20191108TXROD,,Male
20191108CAEDS,,
20191029NYNEN,,Male
20191027MDLAL,34,Male
20191022NJBRB,17,Male
20191022CARIS,17,Male
20191018OHWOT,,
20191018GACRS,19,
20191015LAGEN,,Male
20191011LARAR,15,Male
20191009MAGRL,,Male
20191009MAGRL,,Male
20191008TXWEH,,
20191008COSHS,16,Male
20191002GASOA,Adult,Male
20190927NCZEC,,
20190927CADER,17,Male
20190927CADER,Teen,Male
20190920PASIP,,Male
20190918MNFOC,28,Male
20190916VAPHH,,Male
20190916ILILK,,Male
20190914TXEAF,Adult,Male
20190913VAETN,,
20190913UTGRW,,Male
20190912KSMAM,Adult,Male
20190910SCSOA,Teen,Male
20190906PAWEM,,
20190906PAMCJ,40,Male
20190906ALCEC,,
20190902MDNOB,,
20190830OHCET,,Male
20190830NCKIK,17,Male
20190830ALLAM,17,Male
20190827NYROR,Adult,Male
20190827CAHOL,,
20190824PAWIP,,Male
20190823MOROS,,
20190823MOPAS,,Male
20190823GAPEC,15,Male
20190820PASAC,Adult,Male
20190817GALAA,15,Male
20190815TNEAN,15,Male
20190809NJWEN,16,Male
20190808ALBLM,38,Male
20190719CAMOS,Teen,Male
20190711CTBUH,23,Female
20190702AKWIA,22,Male
20190701NYSCN,Adult,Male
20190629COJAC,,Male
20190621MICAF,,
20190613NJTAW,46,Male
20190612PAJEE,16,Male
20190612PAJEE,18,Female
20190612DCHEW,,
20190610ILMEW,15,Male
20190610ILMEW,27,Male
20190606ILGEC,,
20190530DCHEW,,
20190522OHSAC,13,Male
20190517ORPAP,18,Male
20190517FLTEJ,19,Male
20190508ILSEC,18,Male
20190507COSTH,18,Male
20190507COSTH,16,Transgender
20190430VACDW,16,Male
20190430FLWEW,Adult,
20190426GACRF,Adult,
20190425GAWYS,,
20190424ARCOC,14,Male
20190417ILWAL,Teen,Male
20190410TXROH,,Male
20190410TXROH,,Male
20190407MAHOL,,
20190405WISTM,59,Male
20190403FLSAJ,,
20190403COAUA,30,Male
20190401ARPRP,14,Male
20190327MSSVH,,
20190327FLMAJ,,
20190322ALBLB,74,Male
20190313FLLAO,17,Female
20190301KSHIM,26,Male
20190226ALROM,Teen,Male
20190217COEAA,31,Male
20190214NMV.R,16,Male
20190212MOCEK,21,Female
20190208MDFRB,25,Male
20190205MNMIM,31,Male
20190131TXATA,16,Male
20190131TNMAM,,
20190130GAMIL,16,Male
20190127NVRER,35,Male
20190125TNMAM,16,Male
20190125TNMAM,16,Male
20190125ALDAM,15,Male
20190123LASOS,Adult,
20190119KSLAO,,Male
20190118NCSHD,,Male
20190118MOHAS,,Male
20190118ALCET,19,Male
20190111ORCAE,30,Male
20190107CACEB,,
20181218DEAIG,,
20181214MOWIK,Teen,Male
20181213INDER,14,Male
20181211KYCAC,,
20181210NYJEJ,17,Male
20181128PASTP,,
20181124OHAFC,Adult,Male
20181122WAMOD,Adult,Male
20181122TXSKD,Teen,Male
20181121MIPEP,22,Male
20181120VASIP,29,Male
20181112MDEAE,,Male
20181109GAGAM,Teen,Male
20181108CACLS,29,Male
20181108CACLS,29,Male
20181105SCACC,12,Male
20181104KYCRL,Adult,Male
20181029NCBUM,16,Male
20181026FLSAO,16,Male
20181025MICOD,,
20181023NHGOM,,Male
20181022CTDUB,18,Male
20181020GASHS,18,Male
20181013TNMCN,,Male
20181012MIBAB,,
20181007VAVAH,,Male
20181005VALAN,,Male
20181005TNHAB,16,Male
20181004ORJAP,Adult,Female
20181003AKDEA,26,Male
20181002ARCHL,,
20180928SDCHC,20,Male
20180927TXHEC,47,Male
20180926MDMAB,Teen,Male
20180924PACEP,,Male
20180924PACEP,,Male
20180924NCLAC,,Male
20180924GAAPB,Teen,Male
20180920CAPOP,Adult,Male
20180920CACHL,18,Male
20180920CACHL,20,Male
20180917ALBLH,7,Male
20180914WAMAE,,
20180914FLBOB,Teen,Male
20180911NVCAL,16,Male
20180910TNFAM,23,Male
20180910ILCHC,,Male
20180909CAGIG,Adult,
20180907IAHED,,
20180905RIPRP,16,Male
20180903NYLUN,,Male
20180831IANOE,12,Male
20180831CABAS,Teen,Male
20180830NCVIC,34,Male
20180830MIOTG,,Male
20180829DETOD,53,Male
20180828COCOD,14,Male
20180824ILMEC,,Male
20180824FLRAJ,16,Male
20180823ALALM,,
20180817FLPAW,,
20180811TNANN,30,Male
20180809NJLAM,,Male
20180804MDEDE,,
20180803IALIO,32,Male
20180803IALIO,23,Male
20180803IALIO,Adult,Male
20180719WAWEY,,
20180717WVHUH,Adult,Male
20180711OHMIM,Teen,
20180703KSSUO,32,Male
20180701TNRAM,,
20180625OHFUS,14,Male
20180625OHFUS,16,Male
20180624MTSEM,17,Male
20180621TXSKD,,
20180617ORGRP,,
20180615OHVAB,17,Male
20180601TXMCM,Teen,Male
20180525INNON,13,Male
20180521GABEG,Adult,
20180518TXSAS,17,Male
20180518GAMOA,,
20180517MOCEK,21,Male
20180516ILDID,19,Male
20180511CAHIP,14,Male
20180505MIFOF,Adult,Male
20180503TNWAW,Teen,
20180503SDENW,,
20180425NMHIA,Adult,Male
20180423GABEA,,Male
20180420FLFOO,19,Male
20180419MIJAJ,,
20180412MORAR,,Male
20180409NYGLG,16,Male
20180329KYJOE,51,Male
20180328MSEUE,21,Male
20180320MDGRG,17,Male
20180319VADOP,Adult,
20180316MTBIM,Adult,Male
20180313VAGEA,27,Male
20180313CASES,Adult,Male
20180309KYFRL,Teen,Male
20180307ALHUB,17,Male
20180305MOKIC,17,Male
20180228GADAD,53,Male
20180226WAOAT,Teen,Male
20180220OHJAM,13,Male
20180215FLNOC,Adult,
20180214FLMAP,19,Male
20180209TNPEN,14,Male
20180208NYTHN,17,Male
20180205MNHAM,Child,
,,
,,
20180201CASAL,12,Female
20180131PALIP,,
20180131PALIP,,
20180131PALIP,,
20180126MIDED,Teen,Male
20180125ALMUM,16,Male
20180123KYMAB,15,Male
20180122TXITI,16,Male
20180122LANEN,,Male
20180116VTMOM,32,Male
20180109AZCOS,14,Male
20180105IAFOF,33,Male
20180104WANES,,
20171231WAPIM,19,Male
20171231WAPIM,18,Male
20171231LAEDA,Adult,Male
20171227CALIL,Adult,Male
20171219MIBEB,,
20171214TXELD,Child,
20171212TXSAP,21,Male
20171212TXSAP,20,Male
20171211NCHIH,15,Male
20171211NCHIH,15,Male
20171209ILCHC,,
20171207NMAZA,21,Male
20171130VASAV,Teen,
20171129OHBAL,49,Male
20171128CABOS,21,Male
20171123COMAD,,Male
20171123COMAD,,Male
20171123COMAD,,Male
20171117TNNOJ,,
20171114FLLAM,17,Male
20171114CARAR,44,Male
20171110GALAM,8,Male
20171109GABEC,15,Male
20171103MIPAL,21,Male
20171027NYPRU,,Male
20171020OHSTT,,
20171014NCKEK,22,Male
20171012NCCHC,37,Male
20171012NCCHC,30,Male
20170930PAPUC,37,Female
20170929MOLEL,Teen,Female
20170929CASUL,,
20170928KYSOL,Adult,Male
20170920ILMAM,14,Male
20170913WAFRR,15,Male
20170908OHCOC,18,Male
20170908ARNON,,
20170831CAARS,,Male
20170817GALIL,Adult,Male
20170813NYHUH,Adult,Male
20170801GABAV,,Male
20170721UTSPS,19,Male
20170719WIHIM,Adult,Male
20170622SCWIF,17,Male
20170616ILWAC,18,Male
20170616ILWAC,16,Male
20170616ILWAC,17,Male
20170526OKMCT,14,Male
20170524NEMCO,51,Male
20170524ALGRG,Teen,Male
20170523TXKEK,Adult,Male
20170515LAMOL,Teen,Male
20170415ORMEP,Teen,Male
20170415OKBOT,,
20170410CANOS,53,Male
20170328PALIP,16,Male
20170328PALIP,22,Male
20170321CAKIK,17,Male
20170316ALROM,16,Male
20170218MNMAM,32,Male
20170206LASCB,Teen,Male
20170127SCSOA,18,Male
20170127SCSOA,19,Male
20170127ILSCN,,
20170120OHWEW,17,Male
20170117FLFRE,Adult,
20170110ALALA,Teen,Male
20170101DELAH,19,Male
20161216FLSAJ,17,Male
20161209NVHUR,Adult,
20161209MOBAS,,Male
20161201UTMUB,15,Male
20161117MNCRS,8,Male
20161111MIBAA,Adult,Male
20161103COBEB,15,Male
20161102COGRG,17,Male
20161025UTUNS,14,Male
20161018CAJUS,17,Male
20161018CAJUS,Teen,Male
20161018CAJUS,Teen,Male
20161018CAJUS,Teen,Male
20161015GABEA,,Male
20161013OHLIC,16,Male
20161013OHLIC,16,Male
20161011ALVIM,16,Male
20161006TXDUF,,
20160930ILCHC,,
20160928TNSYP,14,Male
20160928SCTOT,14,Male
20160927OHELC,,
20160926MSTAJ,18,Male
20160909PASMY,,Male
20160909IACEC,15,Male
20160908TXALA,14,Female
20160907MIDED,,
20160902OKMCT,16,Male
20160819FLSOM,,Male
20160817OHWEC,Adult,Male
20160725MOAVA,18,Male
20160630CAWOH,,
20160616ILMCC,,
20160608MAJED,24,Male
20160608MAJED,23,Male
20160515KSAUA,37,Male
20160513SCSOG,16,Male
20160506IDROT,14,Male
20160506FLOSP,28,Male
20160505MDHIB,62,Male
20160504COEAP,25,Male
20160502TXKID,15,Male
20160423WIANA,18,Male
20160315ALHUB,19,Male
20160229OHMAM,14,Male
20160226TXPAP,63,Male
20160217PACHC,16,Male
20160217FLROH,Adult,Male
20160212AZING,15,Female
20160209MIMUM,22,Male
20160129PABEP,16,Male
20160122INLAI,17,Male
20160120INNOI,Adult,Male
20160113ARHAB,17,Male
20160112DECED,13,Male
20151204KSWEW,17,Male
20151120FLNAM,Teen,Male
20151111ARSUS,Teen,Male
20151105GAVEM,9,Male
20151024TXEDS,,Male
20151015TXKAS,22,Female
20150930SDHAH,16,Male
20150922NCCES,26,Female
20150911LANOL,,Male
20150903ORNEN,53,Male
20150825GAWSA,Child,Male
20150823TXWIR,20,Male
20150808TXPAP,21,Male
20150724TXELC,15,Male
20150705TXCOD,18,Male
20150629TXJOS,28,Male
20150627CTSAH,,Male
20150623NEFOF,35,Male
20150604NCSOF,38,Male
20150604NCSOF,29,Female
20150527FLEVE,56,Male
20150524MISOF,,
20150521FLDUJ,16,Male
20150520TXROR,18,Male
20150512FLUNJ,,Male
20150512AZCOT,18,Male
20150505GACOC,14,Male
20150504OHWIC,,
20150428MDDRW,,Male
20150427WANOL,16,Male
20150422NVRUL,11,Male
20150417TXSES,18,Male
20150330MOPEU,24,Male
20150215CATEM,17,Male
20150215ARLAL,62,Male
20150204MDFRF,21,Male
20150204MDFRF,,Male
20150126MNHAR,48,Male
20150122SCROH,Teen,Male
20150120ALWIM,Teen,Male
20150116FLVAO,15,Male
20150115WIWIM,37,Male
20141217MIGOW,,Male
20141217MEBEW,41,Male
20141216PASUP,,
20141212ORROP,16,Male
20141120FLMIM,17,Male
20141024WAMAM,15,Male
20141024GALAA,17,Male
20141021TNAMM,13,Male
20141003GALAF,18,Male
20140930NCALA,16,Male
20140930KYFEL,16,Male
20140925NHWEM,21,Male
20140919IANOD,14,Male
20140911UTWET,39,Female
20140910FLGRL,14,Male
20140909FLSTM,Teen,Male
20140909FLSTM,Teen,Male
20140909FLSTM,Teen,Male
20140909FLSTM,Teen,Male
20140909FLSTM,Teen,Male
20140814VASAN,17,Male
20140813MDHEF,16,Male
20140813MDHEF,21,Male
20140623MOKEB,Teen,Male
20140610ORRET,15,Male
20140521WICLM,18,Male
20140514CAJOR,,Male
20140503WAHOE,,Male
20140421UTPRP,14,Male
20140421INSTG,55,Male
20140411MIEAD,,Male
20140410OHLIC,48,Male
20140409NCDHG,17,Male
20140403NJUNN,Adult,Male
20140325GABEC,15,Male
20140325GABEC,15,Male
20140312FLACM,41,Male
20140307LAMAT,17,Male
20140220MIRAR,42,Male
20140211OHCHL,17,Male
20140210NCSAS,17,Male
20140207ORBEB,17,Male
20140131IANOD,Adult,Male
20140131IANOD,Adult,Male
20140131IANOD,Adult,Male
20140131IANOD,Adult,Male
20140131IANOD,Adult,Male
20140131IANOD,Adult,Male
20140131AZCEP,20,Male
20140131AZCEP,20,Male
20140128HIPRH,Adult,
20140127ILREC,18,Male
20140117PADEP,18,Male
20140114PAKIL,,Male
20140114NMBER,14,Male
20140114LASTB,17,Male
20140113CTHIN,17,Male
20140109TNLIJ,16,Male
20131219CAEDF,16,Male
20131213COARC,18,Male
20131204FLWEW,17,Male
20131113PABRP,16,Male
20131103GASTL,Teen,Male
20131101IAALA,23,Male
20131023CANEC,Child,
20131021NVSPS,12,Male
20131015TXLAA,16,Male
20131004FLAGP,,Male
20131002NHWIS,24,Male
20130928MENEG,19,Male
20130927ILROC,18,Male
20130830NCCAW,18,Male
20130823MSNOS,21,Male
20130823MSNOS,17,Male
20130823MSNOS,21,Male
20130822TNWEM,5,Male
20130820GAROD,20,Male
20130815TNNOC,40,Male
20130619FLALW,53,Male
20130618NCHIC,17,Male
20130618NCHIC,17,Male
20130523FLREH,11,Male
20130513ALOSB,36,Female
20130430NMTUT,19,Male
20130429OHLAC,17,Male
20130416TXTET,15,Male
20130321MIDAS,13,Male
20130227GAGRA,17,Female
20130213CAHIS,18,Male
20130201MIMAD,16,Male
20130201MIMAD,15,Male
20130131GAPRA,15,Male
20130129ALDAM,65,Male
20130111MIOSD,Teen,Male
20130110CATAT,16,Male
20130107FLAPF,,
20121214CTSAN,20,Male
20121210TXSPH,15,Male
20121019ILBAC,14,Male
20121019ILBAC,16,Male
20121012NDFAF,Teen,Male
20120926OKSTS,13,Male
20120907ILNON,15,Male
20120827MDPEP,15,Male
20120824GABAH,15,Male
20120816TNHAM,Adult,Male
20120706RINAP,20,Male
20120525NCMAC,51,Male
20120525AZWEA,38,Male
20120401ARKIR,18,Male
20120315ALLEM,16,Male
20120306FLEPJ,28,Male
20120227OHCHC,17,Male
20120222WAARB,10,Male
20120210NHWAW,14,Male
20120110TXNOH,18,Male
20120104TXCUB,Child,
20111228MINOF,17,Male
20111228MINOF,17,Male
20111212TXHAE,36,Male
20111024NCCAF,15,Male
20110930ORWIP,20,Male
20110930ORWIP,20,Male
20110930NCGAC,,Male
20110923WAISS,51,Male
20110523HIHIP,14,Male
20110517WAHOE,16,Male
20110419TXBEH,6,Male
20110413FLSHA,17,Male
20110330TXWOH,Teen,Male
20110330TXWOH,Teen,Male
20110330TXWOH,,Male
20110325INMAM,16,Male
20110202CALOP,44,Male
20110118CAGAL,17,Male
20110105NEMIO,17,Male
20110104INCRC,,
20101206COAUA,23,Male
20101129WIMAM,15,Male
20101023KSTOT,19,Male
20101023KSTOT,21,Male
20101008CAKEC,41,Male
20101001CAALS,,
20100921SCSOC,15,Male
20100908MIMUD,17,Male
20100830TNSUB,62,Male
20100518CASOS,17,Male
20100428VAWOP,15,Male
20100226WABIT,30,Male
20100223CODEL,32,Male
20100210TNINK,48,Male
20100205ALDIM,14,Male
20100120ALLIL,32,Male
20091211LABOS,28,Male
20091106PAHAW,15,Male
20091030CAWIL,18,Male
20091016SCCAC,Adult,Male
20091008NYMAM,28,Male
20090916VAVIG,16,Male
20090908CTSTS,16,Male
20090827NCWEF,16,Male
20090624IAAPP,24,Male
20090615CAINS,,Male
20090518LALAL,15,Male
20090505NYCAC,17,Male
20090501WISHS,17,Male
20090413CALOL,,Male
20090311TXCYH,Teen,Male
20090310FLRIJ,Teen,Male
20090310FLRIJ,Teen,Male
20090306NCWEF,19,Male
20090302SDROS,10,Male
20090223CTBRN,19,Male
20090220CAJOH,,Male
20090217MICED,17,Male
20090217MICED,19,Male
20090211NCSCZ,11,Male
20090210CABAE,9,Male
20090127NCCLC,18,Male
20090123ILCAC,18,Male
20090120PAEAE,15,Male
20090120MIBEM,18,Male
20090120ILCOC,16,Male
20090120ILCOC,16,Male
20090114ILPEC,,
20090109ILDUC,18,Male
20090108DEWIN,Adult,Female
20081231OKKEN,68,Male
20081231GASHS,18,Female
20081227PAWIP,,
20081222FLLAL,47,Female
20081221SCSUS,22,Male
20081212NYWIM,27,Male
20081212NCGUA,16,Female
20081205MNSHF,34,Male
20081202CAKIK,17,Male
20081130CAOAG,Adult,Male
20081125TXNOH,18,Male
20081118CACOO,13,Male
20081118CACEC,18,Male
20081115UTDES,15,Male
20081115COTHL,18,Male
20081112FLDIF,15,Female
20081103CAELO,,
20081103CABEB,,
20081031MESTS,55,Male
20081029CAELG,10,Male
20081023ALPRP,50,Male
20081020CAVAA,14,Male
20081016MIHED,15,Male
20080919CAGEA,,Male
20080915CAMIS,17,Male
20080902OHSOW,15,Male
20080821TNCEK,15,Male
20080814WALAF,17,Male
20080811WAWAK,49,Male
20080516LAMAT,Teen,Male
20080416CAROF,Adult,
20080306ALDAM,18,Male
20080214CAEOO,14,Male
20080211TNMIM,17,Male
20080204TNHAM,16,Male
20071221CABAU,21,Male
20071126NYHOH,17,Male
20071105LAJOR,13,Male
20071024TNMAM,15,Male
20071010OHSUC,14,Male
20071001CTPLM,15,Male
20070930AZSSP,18,Male
20070928CALAO,17,Male
20070804NJMON,19,Male
20070709ILCAC,,Male
20070628TXDAD,17,Male
20070617SCBRB,21,Male
20070531NCNOG,,Male
20070530NCVAG,,Male
20070523RIOAC,11,Male
20070515TXLIL,14,Male
20070512TXWEM,17,Male
20070510MIHED,,
20070504TXTIE,15,Female
20070503OHGED,16,Male
20070418NCNOH,16,Male
20070410ORSPG,15,Male
20070410ILCHC,15,Male
20070329SCMYM,18,Male
20070327CTSAH,,Male
20070323FLUNO,10,Male
20070308TNEAC,62,Male
20070307TXGRG,16,Male
20070307MIHEM,17,Male
20070307CACEC,,Male
20070227GACLA,10,Male
20070226CASLA,12,Male
20070208TXSTP,Teen,Male
20070208ORCRP,18,Male
20070207FLPAJ,16,Male
20070131ILHIC,,Male
20070124TNHAS,17,Male
20070118PAWIP,Teen,Male
20070109NVWEL,Adult,Male
20070109CAGRV,,Male
20070108OHROC,16,Male
20070104MINOD,,Male
20070103WAHET,18,Male
20070102NCWEF,14,Male
20061214PAMCC,17,Male
20061213PABAB,Teen,Male
20061212PASPS,16,Male
20061211ILCLC,17,Male
20061207NENOO,17,Male
20061201NCJOT,20,Male
20061122GASAA,,Male
20061111CALIO,Adult,Male
20061031TNHAK,39,Male
20061017TXSEK,16,Female
20061012MDGRB,8,Male
20061010NYPOP,Teen,Male
20061009MOMEJ,13,Male
20061002PAWEN,32,Male
20060929WIWEC,15,Male
20060927COPLB,53,Male
20060921DCCAW,17,Male
20060913MOWEC,17,Male
20060908TXSOF,Adult,Male
20060905TNKIM,Adult,
20060831ALOXO,21,Male
20060830NCORH,18,Male
20060829DCANW,16,Male
20060824VTESE,26,Male
20060821INCAN,16,Male
20060820GALYH,Teen,Male
20060819OHSOY,25,Male
20060817TXMEA,20,Male
20060817TXMEA,17,Male
20060815KYJTV,13,Male
20060731FLYOT,54,Male
20060615MIPED,Adult,Male
20060606INWIG,19,Male
20060605CAVEL,,Male
20060525PANON,18,Male
20060522SCBUI,19,Male
20060505FLPAM,Teen,Male
20060424NCEAC,17,Male
20060418TXWEH,,Male
20060405DCROW,,
20060314NVPIR,14,Male
20060310NYISN,14,Male
20060310NYISN,16,Male
20060223ORROR,14,Male
20060221PAWEP,23,Male
20060215PAWEY,Adult,Male
20060209DEWIN,,Male
20060203CALOC,9,Male
20060130MTCMG,16,Male
20060127TXLAG,16,Male
20060123CAWIV,14,Male
20060119OHWIC,19,Male
20060119OHWIC,20,Male
20060118VAINC,20,Male
20060118TXPAA,Teen,Male
20060118MTFRA,15,Female
20060113MIOSD,Teen,Male
20060113FLMIL,15,Male
20060113ALPIP,20,Male
20060111WIMAM,,
20060110DEMOW,Teen,Male
20060103NJLIJ,Teen,Male
20051206MICED,,
20051206CASAG,,Male
20051205MABOR,17,Male
20051116TXIRS,Adult,Male
20051115FLPAM,17,Female
20051108TNCAJ,15,Male
20051028NYFAF,,Male
20051028MDANA,17,Male
20051027CABIF,Adult,Male
20051020MISAS,15,Male
20051019CASAS,17,Male
20051014NYSAN,Teen,Male
20051011MIFAF,17,Male
20050924MISAS,,
20050913ILHAC,15,Male
20050902FLSOJ,21,Male
20050901AKDIA,15,Male
20050825TNMAD,Teen,Male
20050819GAMOM,,Male
20050817CAPLB,26,Male
20050816VICOE,Adult,Male
20050816VICOE,Adult,Male
20050718NJWEN,25,Male
20050612NJBAA,Adult,Male
20050608NYARP,17,Male
20050524LABOS,16,Male
20050524COACD,,
20050520ILLOM,19,Male
20050517PAHIL,47,Male
20050514TXBER,17,Male
20050429OHDAC,17,Male
20050427LALER,15,Male
20050407TXCAC,45,Male
20050330TNEAM,17,Male
20050324TNFAM,17,Female
20050321NYNEB,15,Male
20050321MNRER,16,Male
20050317LAOPA,,Male
20050317CALOL,18,Male
20050316PACAP,21,Male
20050314OHLEC,7,Male
20050310TXZAD,,Male
20050309TNMAN,16,Male
20050302TNSTD,14,Male
20050208ILBOC,Teen,Male
20050204GAMCA,19,Male
20050126ILWOP,15,Male
20050105PAMUN,16,Male
20041231TXRIR,38,Male
20041213LALAL,,Male
20041209WALAS,16,Male
20041119FLTEJ,Teen,Male
20041117FLAPA,14,Male
20041116SCBAB,20,Male
20041115INBRG,22,Male
20041115INBRG,22,Male
20041115ALPAB,20,Male
20041022CATYH,,
20041021MDTHB,16,Male
20041015CABIB,19,Male
20041012CALAS,25,Male
20041012CALAS,25,Male
20041007MANEN,15,Male
20041002NEJEG,20,Male
20040915INWIG,16,Male
20040912LABON,34,Female
20040830ILPRM,Adult,Male
20040824TNHAM,16,Male
20040803ALHUB,17,Male
20040609CACAO,,Male
20040524UTWES,52,Male
20040512CAEAM,20,Male
20040507MDRAR,17,Male
20040507MDRAR,21,Male
20040504TXKAH,Teen,Male
20040317WACRJ,13,Male
20040305CASAL,,Male
20040220LAGAS,41,Male
20040213OHCOD,17,Male
20040211PATMP,22,Male
20040211PATMP,21,Male
20040209NYCOE,16,Male
20040206LAFAS,Adult,
20040203TXYOH,12,Male
20040202DCBAW,18,Male
20040121NVFAH,40,Male
20040115CAPOP,17,Male
20031229FLABE,16,Male
20031222NJCOW,23,Male
20031217MDOLM,,
20031205ILCAC,17,Male
20031204OKDOO,18,Male
20031202ILFEC,Adult,Male
20031113NCEAC,15,Male
20031108TXHIS,21,Male
20031030DCANW,,Male
20031029LAMAM,14,Male
20031007OHKEA,17,Male
20031001CARIS,18,Male
20030925NCBUL,13,Male
20030924MNROC,16,Male
20030922WALES,16,Male
20030917MDOKE,13,Male
20030917MACHB,14,Male
20030910MSVIV,20,Male
20030604PAROW,12,Male
20030513PAFOJ,18,Male
20030424PARER,14,Male
20030416TXGRA,12,Female
20030414LAJON,17,Male
20030414LAJON,17,Male
20030414LAJON,18,Male
20030414LAFAS,18,Male
20030410CAWAW,18,Male
20030401DCCAW,15,Male
20030330CAROW,20,Male
20030321MSNOM,15,Male
20030318IACLG,17,Male
20030205CORAW,14,Male
20030130OKJEJ,17,Male
20030121KYWEO,12,Male
20021216ILENC,17,Male
20021212WAWIC,13,Male
20021202MIOSD,15,Male
20021115TXSCS,18,Male
20021115CAAML,,
20021107MOSTL,43,Male
20021029NJLIJ,15,Male
20021007MDBEB,17,Male
20021004TXPAS,13,Female
20021004MTCMG,18,Male
20020426LAABN,38,Male
20020406MDLEB,Adult,Male
20020322CAJOC,13,Male
20020207ILROC,15,Male
20020206CAGAL,17,Male
20020201TXBRB,39,Male
20020124PAOLO,63,Male
20020115NYMAN,18,Male
20020111MSRAJ,18,Male
20011130TXFRF,54,Female
20011112MICAC,17,Male
20011026MIBES,Teen,Male
20011026CARER,17,Male
20011012UTTAT,17,Male
20010921MDLAB,16,Male
20010912KYLAC,30,Female
20010730CABEL,,Male
20010607TXOUA,Adult,
20010515TXENE,16,Male
20010425OHJOC,,
20010420LAMOM,14,Male
20010410WAWAM,16,Male
20010402TXKLH,13,Female
20010330INLEG,17,Male
20010322CAGRE,18,Male
20010307WAKEC,16,Male
20010307PABIW,14,Female
20010306MDLAL,14,Male
20010305CASAS,15,Male
20010302CAHOS,18,Male
20010202MIOSD,Teen,Male
20010117MDLAB,19,Male
20010110CAHUO,17,Male
20010103CABAS,15,Male
20001221FLNOM,Teen,Male
20001207CARIR,Teen,
20001201CAJUS,15,Male
20001201CAGRL,17,Male
20001101TXNEC,15,Male
20001024AZPIG,14,Male
20001005MNMIM,,Male
20000926LACAN,13,Male
20000926LACAN,15,Male
20000918OHMOM,14,Male
20000907ILLOR,19,Male
20000905OHBIB,66,Male
20000726OHTIC,18,Male
20000717WADIR,13,Male
20000526FLLAL,13,Male
20000510AZCAS,39,Male
20000502COTHD,16,Male
20000410AZLAT,35,Female
20000406OKHUH,35,Female
20000323OHMCL,13,Male
20000310GABES,19,Male
20000229MIBUF,6,Male
20000214ILDUC,12,Male
20000210PAPEY,13,Male
20000126NESOO,Teen,Male
20000126CAALM,13,Male
20000120NCERA,17,Male
20000119FLRIN,16,Male
20000113NMALA,Teen,Male
20000110AKBAA,16,Male
19991206OKFOF,13,Male
19991119NMDED,13,Male
19991117TXDID,16,Male
19991026WVGUB,66,Male
19991026PAMAP,19,Male
19991021CASAP,Teen,Male
19991011NVCLL,18,Male
19991004SDJOP,17,Male
19990927FLEGT,,
19990909CASAS,16,Male
19990825GAJAM,16,Female
19990520GAHEC,15,Male
19990422LASCB,14,Male
19990422GAMAA,17,Male
19990420COCOL,17,Male
19990420COCOL,18,Male
19990416IDNON,16,Male
19990304ILNIS,26,Male
19990211MSJEP,44,Male
19990211ILOME,,Male
19990121TXRIN,16,Male
19990114NYHAN,16,Male
19990108GACEC,15,Female
19990108GACEC,17,Male
19981211INBEI,Teen,Male
19981203INERG,36,Female
19981130NYHAH,14,Female
19981103PAMAP,19,Male
19981103PAMAP,17,Male
19980930FLNOM,18,Male
19980930FLNOM,17,Male
19980930FLLEL,17,Male
19980911CAHEG,17,Male
19980615VAARR,15,Male
19980529FLSTF,29,Male
19980527CAWAP,,Male
19980521WAONO,14,Male
19980521ORTHS,15,Male
19980521CARIR,15,Male
19980519TNLIF,18,Male
19980501NYPUB,37,Male
19980501FLNOM,Teen,Male
19980428WIPAP,15,Male
19980428CAPHP,14,Male
19980424PAPAE,14,Male
19980423CACUL,,
19980409IDTHA,14,Male
19980331WIOAO,14,Male
19980330NCGRC,13,Female
19980325MICOC,18,Male
19980325CAFED,13,Male
19980324ARWEJ,11,Male
19980324ARWEJ,13,Male
19980227VAMAF,18,Male
19980225MIRER,14,Male
19980212NJHOH,61,Male
19971215ARSTS,14,Male
19971201KYHEW,14,Male
19971113CACRS,39,Male
19971107FLRIJ,18,Male
19971022CAJON,21,Male
19971020CAMCO,,
19971015FLLIP,13,Male
19971014TXLAG,19,Male
19971010INWAG,20,Male
19971005OKMOO,,Male
19971001MSPEP,16,Male
19970624ALJEM,16,Male
19970520OHDUD,16,Male
19970513FLNOM,17,Male
19970430NYCIN,,
19970428CAJOL,15,Male
19970403CAMAM,,
19970317MIPED,15,Male
19970221NVRAL,20,Male
19970220FLFIJ,17,Female
19970219AKBEB,16,Male
19970213NYSAB,Teen,Male
19970213NYMOB,17,Male
19970206MSWIJ,16,Male
19970127FLCOW,13,Male
19970108NYCRN,18,Male
19970108NYCRN,18,Male
19970108NYCRN,21,Male
19961127CAHIS,,
19961014MOSUS,14,Male
19961009ARJAS,14,Male
19961004CASTP,17,Male
19961002PASMP,Adult,Male
19960925GADED,16,Male
19960726CAJOL,18,Male
19960604CAWEH,16,Male
19960522CACOC,14,Male
19960514UTBIT,15,Male
19960415DCMCW,,
19960411ALTAT,16,Male
19960319NVSWL,Teen,
19960311NCNON,15,Male
19960229MOBES,21,Male
19960222GAJES,15,Male
19960208CAMIM,16,Male
19960202WAFRM,14,Male
19960126TNEAM,Adult,
19960119DCWIW,18,Male
19960102PAGIG,16,Male
19951128NYTHN,,Male
19951115TNRIL,17,Male
19951102FLBLM,42,Male
19951030VAJOR,17,Male
19951023FLLAC,16,Female
19951012SCBLB,16,Male
19950929FLTAT,14,Male
19950927ALBLP,19,Male
19950915KYGEW,Teen,Male
19950914KSOLO,17,Male
19950912TNCYM,15,Male
19950829TXMEL,12,Male
19950614FLLAL,19,Male
19950327MIRED,18,Male
19950303MIPED,,
19950208NECHS,13,Male
19950202CAJOL,,Male
19950124DCSPW,16,Male
19950123CASAR,13,Male
19950112WAGAS,15,Male
19950110FLPAP,15,Male
19950105DCCAW,14,Male
19941207FLPAM,19,Male
19941115WASTT,17,Male
19941108IAWEM,16,Male
19941107OHWIW,37,Male
19941105CATHS,Adult,Male
19941031CAALA,16,Male
19941017ILHUC,,Male
19941012NCGRG,16,Male
19940922ORLEL,15,Male
19940919CALOL,,Male
19940908NYSWA,14,Male
19940907CAHOL,,Male
19940725IAOTO,16,Male
19940724PAMAM,15,Male
19940526KYLAU,17,Male
19940525NJLAW,17,Female
19940525INLAS,16,Male
19940502FLNON,18,Male
19940421TNJTN,14,Male
19940420INDIS,14,Male
19940419DCELW,,
19940413CA49L,10,Male
19940412MTMAB,10,Male
19940408MDLAU,17,Male
19940405TXMCA,16,Male
19940325GAETC,15,Male
19940323WABAS,16,Male
19940315SCGOC,Teen,Male
19940309DCEAW,17,Male
19940303ALENB,17,Male
19940301MOKEB,33,Male
19940218SCSPS,Adult,Male
19940208MIOSD,,
19940131WAWHS,24,Male
19940127CAWAS,Adult,Male
19940126DCPAW,Teen,Male
19940126DCELW,,
19940124SCEAC,18,Male
19940121TXKEK,17,Male
19940120CALOH,Teen,Male
19931217MICHC,Teen,Male
19931215CACHS,14,Male
19931208GABES,16,Male
19931202CTNEN,,Male
19931201WIWAW,21,Male
19931111ILRIS,,
19931104MSBAB,,
19931104FLTEJ,19,Male
19931104CTNEN,20,Male
19931101ILSUC,16,Male
19931018DCJHW,15,Male
19931012DEDON,16,Female
19930928MSCOG,16,Male
19930925DCWEW,23,Male
19930925DCWEW,15,Male
19930917WYCES,29,Male
19930917ILDOD,16,Male
19930916ILROC,,Male
19930912ALFAF,,
19930902TXROD,16,Male
19930901KSJUJ,15,Male
19930831GAHAA,15,Male
19930803NYTHN,,Male
19930707CADOL,Teen,Male
19930527LAFRN,17,Male
19930524PAUPP,15,Male
19930514TXNII,17,Male
19930416WAMOT,33,Female
19930416CAGRS,,
19930415MAFOA,42,Male
19930403CAGRS,,Male
19930325MOSUS,17,Female
19930318GAHAH,15,Male
19930308VADOD,32,Male
19930226MAGLG,15,Male
19930222CAREL,15,Male
19930208MNMIM,14,Male
19930208DCWAW,,Male
19930204GACLA,17,Male
19930203SCLEL,22,Male
19930203SCGAC,,
19930201WARER,14,Male
19930201NYAMA,17,Male
19930121CAFAL,Teen,Male
19930118KYEAG,17,Male
19930112FLNOM,Teen,Male
19930108PACRM,,Male
19930105NYBRB,Teen,Male
19930105NYBRB,Teen,Male
19921214NYWAW,15,Male
19921203ILWOC,23,Male
19921203ILWOC,Adult,Male
19921130ILORC,17,Male
19921124ALROM,18,
19921120ILTIC,15,Male
19921116ALFAB,Teen,Male
19921113TXLAC,39,Male
19921110ILSHC,13,Male
19921104MIMUD,14,Male
19921104MIMUD,14,Female
19921104MIMUD,13,Female
19921104MIMAD,,
19921104MIFID,Minor,Male
19921104MIFID,18,Male
19921104MIFID,18,Male
19921019NYEVB,,Male
19921013AZDET,20,Male
19920930TXHOH,15,Male
19920930CAPAL,Teen,Male
19920928CAHIS,18,Male
19920928CAHIS,19,Male
19920928CAHIS,20,Male
19920911TXPAA,17,Male
19920606CAMEM,17,Male
19920530DCARW,,Male
19920529CAVEL,,
19920514TXHUH,14,Male
19920514CASIN,14,Male
19920501CALIO,20,Male
19920417TXLID,,
19920409FLFOF,16,Male
19920331LAOPA,15,Male
19920305OHHAO,12,Male
19920226NYTHB,15,Male
19920207VABON,,Male
19920206OKDOO,14,Male
19920131LAFRG,Teen,Male
19920128LAFRG,Teen,Male
19920117SCGRG,16,Male
19911226NCWHW,18,Male
19911125NYTHB,14,Male
19911114TXMIH,16,Male
19911111TXYSE,19,Male
19911111TXYSE,17,Male
19911111TXYSE,18,Male
19911111TXYSE,17,Male
19911106LAWAN,18,Male
19911023TXOAD,18,Male
19911015TXGEP,13,Male
19911015SCWOW,15,Male
19911015NHMOS,16,Male
19911011MAMAR,18,Male
19911009NYJAB,,Male
19911004CAROL,,
19911004CADOL,,
19911002TXSPH,16,Male
19910918TXCRC,15,Female
19910917ILWOC,14,Male
19910913TXMAH,,
19910730CAENC,,Male
19910722CAWEL,,Male
19910521FLSCP,18,Male
19910521CAROS,20,Male
19910516KSCOK,13,Male
19910510OHFRC,15,Male
19910423MSHUB,16,Male
19910423CARAC,14,Male
19910423CARAC,17,Male
19910411SCNOR,18,Male
19910325NCGAC,20,Male
19910314SCWOP,18,Male
19910314SCWOP,,Male
19910313ALSES,15,Male
19910219LABON,20,Male
19910117TXHOD,,
19910117TXHOD,,
19910108TXRIR,15,Male
19901213LASAS,,
19901110TXJUD,,
19901030TXNAG,32,Female
19901029INCHC,18,Male
19901002TXWHD,Adult,Female
19900922ALLEB,,Male
19900911TXSAS,,Male
19900906GASOC,16,Male
19900827TXWHD,,Male
19900827NVELL,15,Male
19900824NCMYC,,
19900531TXSUF,16,Male
19900520TNHIC,50,Male
19900504CAMOE,17,Male
19900403TXSKD,18,Male
19900327NYNEB,Teen,Male
19900220OHTAC,17,Male
19900116RICEP,17,Male
19891212SCCHC,21,Male
19891205TXWWD,18,Male
19891205PASEM,16,Male
19891204LACAS,Teen,Male
19891122CACHO,19,Male
19891115TXWOA,13,Male
19891113NYALN,15,Male
19891031TXOLD,14,Male
19891005CALOA,15,Male
19890918KYJAM,17,Male
19890911AZDYE,,Male
19890901VASAV,19,Male
19890901VASAV,18,Male
19890426TXAMD,18,Male
19890303INWIG,16,Male
19890210UTTHK,12,Male
19890209IDRIR,14,Male
19890126DCWOW,16,Male
19890126DCWOW,18,Male
19890117CACLS,24,Male
19890105ARHEL,19,Male
19881216VAATV,16,Male
19881122TXABA,16,Male
19881107UTGLS,14,Male
19881101FLPAJ,15,Male
19881007TXDIP,10,Male
19881007MDSOB,17,Male
19881006ALMOM,29,Female
19881005MDEDB,17,Male
19881004LAISB,33,Female
19881004FLJEJ,,
19881003FLMAM,,
19880926SCOAG,19,Male
19880922ILMOC,40,Male
19880903TXLID,Teen,Male
19880903TXLID,Teen,Male
19880903TXLID,Teen,Male
19880903TXLID,Teen,Male
19880902NCGAC,16,Male
19880902GAGLA,,
19880831SCWEA,20,Male
19880831MICED,16,Male
19880831MICED,17,Male
19880711MSLAJ,17,Male
19880710WISIM,28,Male
19880630HIAIO,18,Male
19880617MIJOD,14,Male
19880602MSWIJ,Adult,Male
19880602MSWIJ,Adult,Male
19880602MSWIJ,Adult,Male
19880531NYPUB,Adult,Male
19880520ILHUW,30,Female
19880516FLFOF,14,Male
19880505ILMAC,16,Male
19880324TXTRA,16,Male
19880323CACAS,,
19880304MILED,13,Female
19880226RIBRB,15,Male
19880211FLPIL,15,Male
19880211FLPIL,15,Male
19880202ALWET,42,Male
19880202ALWET,42,Male
19880129TXREA,18,Male
19880120LASIR,18,Male
19880108PACRM,15,Male
19880106FLGAT,17,Female
19880105PASPS,20,Male
19871216TXMAK,15,Male
19871215NYGRB,15,Male
19871204NYEAN,17,Male
19871202FLENJ,16,Male
19871130TXPES,51,Male
19871114FLCLC,18,Male
19871104MISOD,,Male
19871031SCANA,,Male
19871030NCSOK,15,Male
19871014ILDUC,16,Male
19870928ILILL,16,Male
19870513ILOAO,17,Male
19870506FLLET,15,Male
19870506ARMAJ,15,Male
19870503INPII,17,Male
19870430ORGRP,16,Male
19870416MIMUD,14,Male
19870330CAPAS,44,Female
19870306TXRIE,19,Male
19870306TXRIE,Adult,Male
19870302MODED,12,Male
19870224NYMON,Adult,Male
19870224NYMON,Adult,Male
19870213AZORM,17,Male
19870210ARDAD,17,Male
19870123MIRED,15,Male
19870114CALOL,18,Male
19861204MTFEL,14,Male
19861008TXSOD,19,Male
19861003CAMOM,19,Male
19861003CAMOM,18,Male
19861003CAMOM,17,Male
19860918CABEB,18,Male
19860912CAFAL,16,Male
19860517TNMAN,16,Male
19860516WYCOC,43,Male
19860516WYCOC,47,Female
19860515GACAA,Teen,
19860509NCPIF,17,Male
19860429MOSES,16,Male
19860423FLCHM,17,Male
19860306ILTHD,14,Male
19860224LABOS,13,Male
19860129MDLAB,14,Male
19860117CAVAL,14,Male
19860109NCNOD,17,Male
19851210CTPOP,13,Male
19851209PAARP,22,Male
19851203NHCOC,16,Male
19851127ALCHB,16,Male
19851126WASPS,14,Female
19851022OHSOG,Adult,
19851018MIMUD,,
19851008MDLAB,18,Male
19851008MDLAB,22,Male
19851008MDLAB,19,Male
19850925OHTRT,16,Male
19850920TXLAC,16,Male
19850909TXWHH,18,Male
19850904VAEAR,12,Male
19850724TXHIH,65,Female
19850516FLPAB,15,Female
19850418TNSOS,18,Male
19850416TXMAA,31,Male
19850205CTAIH,18,Male
19850126MASTB,16,Male
19850121KSGOG,14,Male
19850118TXARA,17,Male
19841207MOEDS,17,Male
19841126MDMIR,16,Male
19841109CTWIN,16,Male
19841031LAEAG,16,Male
19841030SCPEP,21,Male
19841024OHWEC,45,Female
19841024MISOD,17,Male
19841022MICED,16,Male
19841021PAWYE,,Male
19840928TXRIN,21,Male
19840928TXMIH,,
19840831LABOS,,Male
19840710MIMUD,Adult,Male
19840522OHCLC,18,Male
19840518CANON,17,Male
19840517TXBOH,18,Male
19840517IASOP,17,Male
19840515MTCMG,18,Male
19840426NCROW,11,Male
19840420MIPRD,13,
19840405LACLC,17,Male
19840224CA49L,28,Male
19840221TXSHH,16,Male
19840206KYCEL,16,Male
19840105MDLAB,,Male
19831216ILBOR,15,Male
19831202INCRC,17,Male
19831118MDHAB,17,Male
19831117ILJAC,14,Male
19831108MIHIH,15,Male
19831022MDCAB,18,Male
19831007CACOL,,Male
19830930TXTET,20,Male
19830921MDWAB,18,Male
19830912MIHED,16,Male
19830912CAMAC,Teen,Male
19830912CAMAC,Teen,Male
19830526PAGRJ,17,Male
19830523OHMAM,15,Male
19830518FLNOM,22,Male
19830516TXLAD,41,Male
19830516NYBRN,24,Male
19830421MOBES,Adult,Male
19830331ILSAC,11,Male
19830202NMALA,,Male
19830201TNRIM,16,Male
19830131FLDED,16,Female
19830130TXWEC,,Male
19830128MDWIB,14,Male
19830120MOPAB,14,Male
19830118TXJOH,21,Male
19821220MIFID,Adult,Male
19821206ALHUH,17,Male
19821112MSWIJ,20,Male
19821108MICOD,15,Male
19821101NYELE,16,Male
19820915ARSOP,12,Male
19820910VALAB,18,Male
19820527NVGAL,Teen,Male
19820527NVGAL,Teen,Male
19820527NVGAL,Teen,Male
19820430FLANA,19,Male
19820429GARUE,16,Male
19820415MDFOB,Teen,Male
19820407CODEL,14,Male
19820319NVVAL,17,Male
19820317OHLOL,17,Male
19820315ORSPS,14,Male
19820209LAJON,16,Male
19820209LAJON,15,Male
19820208MADOD,19,Male
19820205TNHAM,,Male
19811223NYJAB,Teen,Male
19811216TXUNH,17,Male
19811209NYGEB,,Male
19811013CTHAH,16,Male
19810913MDABA,Adult,
19810908FLSTW,12,Male
19810904NMHOS,16,Male
19810901PAWIP,,Male
19810515LANEN,42,Male
19810407MSPOP,,
19810402OHALC,14,Male
19810328FLDIF,18,Male
19810303INMAI,15,Male
19810210CAMAL,19,Male
19810210ARLIL,16,Male
19810122MDFRB,17,Male
19810121OHWIB,14,Male
19801212OHLOL,14,Male
19801212ALPAB,15,Male
19801117TXEAF,16,Male
19801031ALHUH,17,Male
19801013ALCET,17,Male
19800926CTBRB,19,Male
19800911ALJOM,29,Female
19800910DCSPW,18,Male
19800908FLFOJ,Teen,Male
19800902CAWHL,18,Male
19800530NYCLB,15,Male
19800417VACAC,53,Male
19800331MDFRB,16,Male
19800320TXJLD,30,Male
19800215MSHUM,32,Male
19800211INARI,17,Male
19800211INARI,19,Male
19800207TXVAL,9,Male
19800201DCLAW,9,Male
19800129VALAW,17,Male
19800107ARSTS,16,Male
19791221MOBLS,14,Male
19791203MDEAB,Teen,Male
19791203MDEAB,Teen,Male
19791203MDEAB,Teen,Male
19791203MDEAB,Teen,Male
19791130TXUNL,14,Male
19791105INWAI,18,Male
19791023MOOFS,16,Male
19790928MACHC,Teen,Male
19790928MACHC,Teen,Male
19790926LACAN,13,Male
19790926LACAN,15,Male
19790614OHNEN,13,Male
19790426TXAZA,14,Male
19790425PAMAH,,
19790416WIWIM,28,Male
19790328CALOL,19,Male
19790314FLMCM,Teen,Male
19790226CABAB,18,Male
19790129CAGRS,16,Female
19781214CTWIN,17,Male
19781129NYPAN,15,Male
19781017MOUNU,Teen,Male
19781017ALLAL,13,Male
19780610MAWEW,17,Male
19780607DEDOD,17,Male
19780519PADOP,,
19780518TXMUA,13,Male
19780428ILRIN,Teen,Male
19780426TXPAD,56,Female
19780414MIFOD,16,Male
19780329TNGAN,Adult,Male
19780309CAMOS,14,Male
19780222MIEVL,15,Male
19780209WVHAS,15,Male
19780111KYCHH,16,Male
19771215MABLC,,Male
19771212FLWEW,41,Male
19771209CAPES,40,Male
19771129MOVAS,18,Male
19771129MOHAS,19,Male
19770711COSOC,15,
19770622ILHOC,Teen,
19770517FLSTC,22,Male
19770418TNPIN,46,Male
19770407TXWHW,17,Male
19770321NYPAH,18,Male
19770308ILCOE,16,Male
19770228TXHOA,15,Male
19770228MOROS,19,Male
19770209ILFEC,14,Male
19770113ILOLB,15,Male
19761210MOFRS,11,Male
19761110MIBUD,46,Male
19760920NCGUG,38,Male
19760602MDMTC,,
19760514FLPAW,17,Male
19760513MOMAS,15,Male
19760412TXODF,15,Male
19760212MIMUD,Teen,Male
19760212MIMUD,Teen,Male
19760212MIMUD,Teen,Male
19760212MIMUD,Teen,Male
19760212MIMUD,Teen,Male
19760212MIMUD,Teen,Male
19760206FLESP,,
19760123OHCOC,17,Male
19760101AZCAP,,
19751218CAORS,16,Male
19751024GAMUA,15,Male
19751001NMHEA,35,Male
19750911OKGRO,15,Male
19750711MOCES,18,Male
19750709ILDEC,Adult,Male
19750527MIPID,9,Male
19750515MOROS,13,Male
19750321VAFAR,18,Male
19750321OHPAD,15,Male
19750318MOSUS,19,Male
19750312TXJOH,Teen,
19750224NJSTP,24,Male
19750207NYBOM,16,Male
19741230NYOLO,17,Male
19741218CAMAL,17,Male
19741125SCCAC,Teen,Male
19741125SCCAC,Teen,Male
19741121ARBOL,15,Male
19741118SCCAC,,Male
19741021MDDOB,15,Male
19741007LADEH,17,Male
19740925CASAL,17,Male
19740923CAJED,Teen,Male
19740923CAJED,Teen,Male
19740923CAJED,Teen,Male
19740519FLHIO,35,Male
19740510TNCHR,20,Male
19740402CTSTB,,
19740322INBRB,17,Male
19740207CAJAO,24,Male
19740122CALOL,15,Male
19740117ILBAC,14,Male
19731213OHHUC,16,Male
19731206CAFRL,,
19731109CALOL,Teen,Male
19731108ILWOC,16,Male
19731031MONOS,18,Male
19731024MNCEM,17,Male
19731023OHBAB,17,Male
19731023MOSUS,14,Male
19731023MOSUS,Teen,Male
19731019MOBES,14,Male
19731002ILELA,17,Male
19730928CAWIL,16,Male
19730501OHRAY,15,Male
19730405CALOL,,Male
19730226VAARR,18,Male
19730212ALBOM,19,Male
19730131NCCUB,17,Male
19730118CAJOL,19,Male
19730118CAJOL,18,Male
19730105NCSOS,Teen,Male
19721129FLMIM,Teen,Male
19721127MIPOP,16,Male
19721111CAJEL,Teen,Male
19721111CAJEL,Teen,Male
19720921OHTHA,18,Male
19720919TXCUH,33,Male
19720915MISAS,17,Male
19720914TXFRH,16,Male
19720505INDEI,16,Female
19720504NVLIR,53,Male
19720412LAEAG,28,Male
19720313TXUNH,15,Male
19720228CAMAL,14,Male
19720215ILKEC,21,Male
19720214ILCAC,,Male
19720126MDHAB,17,Male
19720126MDGWB,Teen,Male
19720124OHSTS,16,Male
19720105DCPAW,61,Male
19711213MDCAB,17,Male
19711206CALOL,14,Male
19711206CALOL,14,Male
19711124MDEDB,17,Male
19711108OKGRT,63,Male
19711103NMCAC,22,Male
19711029MDFRB,Teen,Male
19711029MDFRB,Teen,Male
19711029MDFOB,17,Male
19711028MDCIB,,Male
19710929VAPEP,14,Male
19710928MNCEM,18,Male
19710924NYMCB,Teen,
19710909TXDUL,15,Male
19710820PAMOM,72,Male
19710602NYEAE,13,Male
19710527MIBES,17,Male
19710405PAWIH,17,Male
19710309AZROT,13,Male
19710225OHFRC,Teen,Male
19710210TXOAD,17,Male
19710205PAJOW,14,Male
19710202PAMOP,14,Male
19701212WIXAA,Adult,
19701120ILHAC,15,Male
19701027OHAPM,13,Male
19701020TNWAN,13,Male
19701019TNBOM,17,Male
19701005MIPOD,Teen,Male
19700928IACED,17,Male
19700924IDMEM,,
19700914TNHAN,18,Male
19700831FLALM,27,Male
19700828TXRIE,15,Male
19700828TXRIE,16,Male
19700515UTBEO,15,Male
19700508FLCAD,18,Male
19700422DEPIW,16,Male
19700415ARPIP,18,Male
19700415ARPIP,Teen,Male
19700415ARPIP,Adult,Male
19700415ARPIP,Adult,Male
19700415ARPIP,Adult,Male
19700415ARPIP,Adult,Male
19700415ARPIP,Adult,Male
19700415ARPIP,Adult,Male
19700323CADAL,16,Male
19700323CADAL,44,Male
19700206OHJOC,18,Male
19700105DCUNW,,Male
19700105DCSOW,,Male
19700105DCHIW,15,Male
