Incident_ID,Weapon_Type,City,State
20221022OHDUC,unknown,Columbus,OH
20221022ILCHC,unknown,Chicago,IL
20221021OHSHS,Handgun,Shaker Heights,OH
20221021CAGRS,Handgun,Sacramento,CA
20221020COCAD,Other,Denver,CO
20221020PAPAP,Handgun,Philadelphia,PA
20221019TNROR,unknown,Rockvale,TN
20221018NVSUL,unknown,Las Vegas,NV
20221018ORJEP,unknown,Portland,OR
20221017CAWIS,Other,San Jose,CA
20221017FLORT,Handgun,Tampa,FL
20221016VAFAR,unknown,Richmond,VA
20221014LAJHA,Handgun,Abbeville,LA
20220908LAJHA,Handgun,Abbeville,LA
20221014NCJAG,Rifle,Greensboro,NC
20221014NCJAG,Handgun,Greensboro,NC
20221014VAWER,Handgun,Richmond,VA
20221014LABOB,Handgun,Bogalusa,LA
20221014TNRIM,Handgun,Murfreesboro,TN
20221013NYSCB,Multiple Handguns,Brooklyn,NY
20221013TXJOD,Handgun,Dallas,TX
20221012NCCAC,Handgun,Cary,NC
20221011ORREP,Handgun,Portland,OR
20221011KSSAS,Handgun,Salina,KS
20221010WIJAM,Handgun,Milwaukee,WI
20221009MAWAA,Handgun,Auburn,MA
20221008MOJCK,Handgun,Kansas City,MO
20221007MIBAB,Handgun,Battle Creek,MI
20221007NCJHG,Handgun,Greenville,NC
20221007AZCAP,Handgun,Phoenix,AZ
20221007OHWHT,Handgun,Toledo,OH
20221006OHMAC,Handgun,Columbus,OH
20221004MAJB,Handgun,Boston,MA
20221004NCPIS,unknown,Southern Pine,NC
20221003MIOXO,Handgun,Oxford,MI
20221001CACOO,Handgun,Ontario,CA
20220930OKMCT,Handgun,Tulsa,OK
20220930NYNEN,Handgun,Newburgh,NY
20220928LASEB,Handgun,Baton Rouge,LA
20220928CARUO,Handgun,Oakland,CA
20220927PAROP,unknown,Philadelphia,PA
20220927TXHGD,unknown,Dallas,TX
20220926GAVAV,Handgun,Valdosta,GA
20220923CANOC,Handgun,Castroville,CA
20220923WIROM,Handgun,Milwaukee,WI
20220923PAWEP,Handgun,Philadelphia,PA
20220923DEAPM,Handgun,Middletown,DE
20220923MNRIM,Handgun,Richfield,MN
20220921INJAS,Handgun,South Bend,IN
20220920NYINB,Handgun,Brooklyn,NY
20220919FLTRS,Handgun,Stuart,FL
20220919LALAN,unknown,New Orleans,LA
20220917GAJOA,Handgun,Augusta,GA
20220916GALAA,Multiple Handguns,Augusta,GA
20220916NYPSN,Other,New York,NY
20220914PACON,Other,Newton,PA
20220913UTBOB,Handgun,Bountiful,UT
20220913MIJAJ,unknown,Jackson,MI
20220913MDOXO,unknown,Oxon Hill,MD
20220913CAVAV,Handgun,Vallejo,CA
20220909WIWIR,Handgun,Racine,WI
20220909WIMIM,unknown,Milwaukee,WI
20220907OHBEB,unknown,Beavercreek,OH
20220907MDCAB,Handgun,Baltimore,MD
20220907WIBAM,Handgun,Milwaukee,WI
20220907WIBAM,Rifle,Milwaukee,WI
20220906IANOS,Other,Sioux City,IA
20220904FLBOL,Handgun,Lauderdale Lakes,FL
20220902INJEL,Handgun,Jeffersonville,IN
20220902MDMEB,Handgun,Baltimore,MD
20220831DCIDW,Handgun,Washington,DC
20220831NMDEA,Handgun,Albuquerque,NM
20220831PAFRP,Handgun,Philadelphia,PA
20220831PAFRP,Rifle,Philadelphia,PA
20220829CAMAO,Handgun,Oakland,CA
20220827MONOS,Handgun,St. Louis,MO
20220826OHGAC,Handgun,Cleveland,OH
20220823OHINC,Other,Columbus,OH
20220823OHART,Handgun,Toledo,OH
20220819LAAKN,Handgun,New Orleans,LA
20220819OHGRG,Handgun,Groveport,OH
20220819TNWEC,unknown,Clarksville,TN
20220818FLLER,Handgun,Ruskin,FL
20220816TXPOB,Handgun,Brownsville,TX
20220815CALIS,Handgun,Stockton,CA
20220813ARMAL,unknown,Little Rock,AR
20220812CASIV,Handgun,Victorville,CA
20220811GAUCB,unknown,Blairsville,GA
20220810GAMCA,Multiple Handguns,McDonough,GA
20220809PACHP,Handgun,Poughkeepsie,PA
20220805MATHL,Handgun,Lynn,MA
20220805GAJOJ,Handgun,Johnson County,GA
20220803PALEP,Handgun,Philadelphia,PA
20220731CAOAO,Handgun,Oakland,CA
20220730NYRHH,unknown,Hempstead,NY
20220729INCOS,Handgun,South Bend,IN
20220728KSMOG,Handgun,Gardner,KS
20220726PALAL,unknown,Lehman,PA
20220726TXCOC,Handgun,College Station,TX
20220725NYBRB,Handgun,Bronx,NY
20220720CAJOV,Handgun,Vallejo,CA
20220716NYCLS,Handgun,Syracuse,NY
20220716GAAPF,Handgun,Fulton,GA
20220629CABUA,unknown,Atwater,CA
20220620ILGRC,unknown,Chicago,IL
20220613WAMAE,Handgun,Everett,WA
20220610ALBYB,Handgun,Byhalia,MS
20220609ALWAG,Handgun,Gadsden,AL
20220608ARLIL,unknown,Little Rock,AR
20220607MIPED,Handgun,Detroit,MI
20220605INWEG,Handgun,Gary,IN
20220601CAULL,Handgun,Los Angeles,CA
20220531LAMON,Handgun,New Orleans,LA
20220530CAHEL,Handgun,La Mesa,CA
20220529ILDAC,Rifle,Chicago,IL
20220529ILDAC,Handgun,Chicago,IL
20220526TXDUA,Handgun,Arlington,TX
20220526SCMEG,unknown,Goose Creek,SC
20220525ILSTC,unknown,Chicago,IL
20220524WIRIM,Handgun,Milwaukee,WI
20220524TXROU,Multiple Rifles,Uvalde,TX
20220524DCPOW,Handgun,Washington,DC
20220523PASIP,Handgun,Philadelphia,PA
20220520VAPOD,Handgun,Dumfries,VA
20220520TNEAC,unknown,Chattanooga,TN
20220520OHCAC,Other,Canal Winchester,OH
20220520ILSOP,Handgun,Pittsfield,IL
20220520ALMAT,unknown,Theodore,AL
20220519VAGER,unknown,Richmond,VA
20220519MIEAK,unknown,Kentwood,MI
20220519LAHAH,Handgun,Hammond,LA
20220518TNRIM,Handgun,Murfreesboro,TN
20220518FLPAP,Handgun,Palmetto,FL
20220517ILWAC,Handgun,Chicago,IL
20220517CASAS,unknown,San Francisco,CA
20220516TXMEM,Handgun,Mexia,TX
20220515NHBEB,Other,Belmont,NH
20220515ILMEP,Handgun,Plainfield,IL
20220513GASOM,unknown,Macon,GA
20220513FLALW,Handgun,West Palm Beach,FL
20220512TXHEH,unknown,Houston,TX
20220512ARHOH,Handgun,Hot Springs,AR
20220511FLJAJ,unknown,Jacksonville,FL
20220509NYEDS,Handgun,Staten Island,NY
20220509GARIS,Handgun,Suwanee,GA
20220505OHLOL,Handgun,Lowellville,OH
20220505ALDOD,Other,Dothan,AL
20220503CAARS,unknown,San Bernardino,CA
20220501VALOM,Handgun,Manassas,VA
20220501OHHAC,Handgun,Columbus,OH
20220430PAMCJ,Handgun,Jeannette City,PA
20220427TXMOS,Handgun,San Antonio,TX
20220427INCOS,Other,South Bend,IN
20220426MIASI,Handgun,Ishpeming Township,MI
20220426GASOM,Handgun,Macon,GA
20220426GASOM,Other,Macon,GA
20220425WIWIM,Multiple Handguns,Milwaukee,WI
20220424MOHAF,Handgun,Florissant,MO
20220422ORHOS,Handgun,Salem,OR
20220422DCEDW,Multiple Rifles,Washington,DC
20220422DCEDW,Multiple Handguns,Washington,DC
20220422CAMOR,Rifle,Redding,CA
20220421NDMOM,Handgun,Mott,ND
20220416IAMED,Handgun,Des Moines,IA
20220415VAGAW,Handgun,Woodbridge,VA
20220414MSNEP,Other,Philadelphia,MS
20220413MISHS,Other,Southgate,MI
20220411ARPIP,Handgun,Pine Bluff,AR
20220410MALYL,Handgun,Lynn,MA
20220406WVRIR,Handgun,Ripley,WV
20220406WASTM,Other,Mercer Island,WA
20220406ORROP,Handgun,Portland,OR
20220405PAERE,Handgun,Erie,PA
20220403INBLB,Multiple Handguns,Bloomington,IN
20220331PAACP,Handgun,Philadelphia,PA
20220330GABOA,Handgun,Atlanta,GA
20220330AZKIK,Handgun,Kingman,AZ
20220329VALUR,Handgun,Roanoke,VA
20220329NVWEL,Handgun,Las Vegas,NV
20220328TXNOF,Handgun,Fort Worth,TX
20220328NCOAC,Handgun,Charlotte,NC
20220325UTHIS,Handgun,Salt Lake City,UT
20220325UTHIS,Other,Salt Lake City,UT
20220325TXROR,Other,Royse City,TX
20220325TNBRM,Handgun,Memphis,TN
20220324VARIW,Multiple Rifles,Woodbridge,VA
20220322VAJAR,Handgun,Roanoke,VA
20220322TXWOD,Handgun,Dallas,TX
20220322FLNEN,Other,New Smyrna Beach,FL
20220321MSLEP,unknown,Pascagoula,MS
20220321MIMAK,Handgun,Kenosha,WI
20220321AZDES,Handgun,Scottsdale,AZ
20220319ALCEL,Handgun,Loxley,AL
20220318RICEP,Other,Providence,RI
20220318ILBAB,Other,Barrington,IL
20220317AKREW,Handgun,Wasilla,AK
20220316CALOR,Handgun,Riverside,CA
20220315WAEIY,Multiple Handguns,Yakima,WA
20220315MDPAB,Handgun,Baltimore,MD
20220315MATEB,Multiple Handguns,Boston,MA
20220315GAFOF,Handgun,Forest Park,GA
20220314CAKRP,Handgun,Placentia,CA
20220313PANEP,unknown,Philadelphia,PA
20220313PANEP,unknown,Philadelphia,PA
20220311WIJER,Handgun,Racine,WI
20220311OHMAM,unknown,Mansfield,OH
20220311OHFAP,Handgun,Proctorville,OH
20220311CADER,Handgun,Richmond,CA
20220310TNHAM,Handgun,Memphis,TN
20220310MDCOL,Handgun,Landover,MD
20220310COROH,Other,Highlands Ranch,CO
20220309TXNOH,Handgun,Houston,TX
20220309NMESE,Other,Espanola,NM
20220309FLNOM,Handgun,Miami Gardens,FL
20220309FLNOM,Rifle,Miami Gardens,FL
20220307IAEAD,Multiple Handguns,Des Moines,IA
20220304KSOLO,Handgun,Olathe,KS
20220303MIJWL,Handgun,Lansing,MI
20220228NYBOB,Handgun,Brooklyn,NY
20220227DCDUW,Handgun,Washington,DC
20220225NMWEA,Handgun,Albuquerque,NM
20220225ALSOH,Handgun,Huntsville,AL
20220223VAWOW,Handgun,Woodbridge,VA
20220222TXALH,Handgun,Houston,TX
20220222COLIP,Handgun,Pueblo,CO
20220221MDJOH,Handgun,Hyattsville,MD
20220220OKWIW,Handgun,Wilson,OK
20220220MSMCM,unknown,McColm,MS
20220219VACAC,unknown,Chesapeake,VA
20220218MATET,Other,Tewksbury,MA
20220217WAMCG,Handgun,Grandview,WA
20220214FLLAL,Handgun,Lake City,FL
20220211DCEAW,Handgun,Washington,DC
20220209NYMCB,Handgun,Buffalo,NY
20220209MNMIM,unknown,Minneapolis,MN
20220208NYMOM,Handgun,Mount Vernon,NY
20220208MDCAC,Handgun,Catonsville,MD
20220204GASOD,Handgun,Decatur,GA
20220204ALWEB,Handgun,Birmingham,AL
20220203NCSPS,unknown,Stantonsburg,NC
20220202KYLOR,unknown,Russellville,KY
20220201WIRUM,Handgun,Milwaukee,WI
20220201WIRUM,Handgun,Milwaukee,WI
20220201MNSOR,unknown,Richfield,MN
20220201ILALC,Handgun,Chicago,IL
20220129WIBEB,Handgun,Beloit,WI
20220128LACAM,Handgun,Monroe,LA
20220127TXMOH,Handgun,Houston,TX
20220126PABAP,Handgun,Philadelphia,PA
20220124NVSUL,unknown,Las Vegas,NV
20220121MDMAR,Handgun,Rockville,MD
20220121GAMCA,unknown,Atlanta,GA
20220119VAMAP,Handgun,Portsmouth,VA
20220119VAMAP,Handgun,Portsmouth,VA
20220119FLSES,Handgun,Sanford,FL
20220119DCANW,Handgun,Washington,DC
20220117TXPYH,Multiple Handguns,Houston,TX
20220114MDGAG,Rifle,Gaithersburg,MD
20220111NMVAA,unknown,Albuquerque,NM
20220106CAFLS,Handgun,Sacramento,CA
20220104ILAUR,Multiple Handguns,Rockford,IL
20220103WACHP,Handgun,Portland,OR
20220103OHCOC,unknown,Columbus,OH
20211229NCCAS,Handgun,Salisbury,NC
20211217TXWOD,Other,Dayton,TX
20211216SCEAC,Handgun,Columbia,SC
20211216NYPSB,Handgun,Brooklyn,NY
20211214WISOM,Handgun,Milwaukee,WI
20211214VAMEN,Handgun,Newport News,VA
20211213NCWEC,Handgun,Charlotte,NC
20211213FLEAO,Handgun,Orlando,FL
20211212NYSCR,Handgun,Rochester,NY
20211211GAJOG,Handgun,Gray,GA
20211211FLEDL,Handgun,LaBelle,FL
20211210OHCAC,Handgun,Canal Winchester,OH
20211210NCJEC,unknown,China Grove,NC
20211209NYGRN,Handgun,New York,NY
20211208MOEWK,Handgun,Kansas City,MO
20211208KYSTL,unknown,Louisville,KY
20211207ILHAC,Handgun,Chicago,IL
20211206NYSUS,Handgun,Staten Island,NY
20211206CAWIW,Multiple Rifles,Wilmington,CA
20211203ARBLB,Handgun,Blytheville,AR
20211202WAGAS,Handgun,Seattle,WA
20211201TXSAP,Handgun,Pasadena,TX
20211130TNHUH,Handgun,Humboldt,TN
20211130MIOXO,Handgun,Oxford,MI
20211130CALOL,Other,Los Angeles,CA
20211129ILWER,Handgun,Rockford,IL
20211129AZCHP,Handgun,Phoenix,AZ
20211126CAWES,Handgun,San Jose,CA
20211125SCCEP,unknown,Pageland,SC
20211124ILTHH,unknown,Harvey,IL
20211123OHCLC,Handgun,Cleveland,OH
20211119MDGIB,unknown,Baltimore,MD
20211119COHIA,Multiple Handguns,Aurora,CO
20211116NYPSB,Handgun,Bronx,NY
20211116FLJAJ,unknown,Jacksonville,FL
20211115NYPOP,Handgun,Poughkeepsie,NY
20211110NYITI,unknown,Ithaca,NY
20211109NMMEL,Handgun,Las Cruces,NM
20211108NYTHB,Handgun,Bronx,NY
20211106FLOVO,Handgun,Oviedo,FL
20211102NMHIH,Other,Hobbs,NM
20211030PASTM,Handgun,McKees Rock,PA
20211027SCCAS,Handgun,St. Matthews,SC
20211026MSCAN,Shotgun,Natchez,MS
20211026ILWIC,Handgun,Chicago,IL
20211022PAPHP,Handgun,Philadelphia,PA
20211021NYPSB,Handgun,Bronx,NY
20211021GABES,unknown,Savannah,GA
20211018PALIP,Handgun,Philadelphia,PA
20211017ARROR,Rifle,Rogers,AR
20211015CAKEF,Handgun,Fresno,CA
20211015ALWIM,Handgun,Mobile,AL
20211014MEREP,unknown,Portland,ME
20211013PACHD,Other,Drexel Hill,PA
20211013ILMCC,unknown,Chicago,IL
20211012OKUNT,Other,Tulsa,OK
20211012MIELK,Handgun,Kalamazoo,MI
20211012ILWEC,Handgun,Chicago,IL
20211012ARLIL,unknown,Little Rock,AR
20211011ORROP,Handgun,Portland,OR
20211008OKCOC,unknown,Comanche,OK
20211007TXEAW,Rifle,Winnie,TX
20211007PAANP,unknown,Philadelphia,PA
20211007NCEAD,Handgun,Durham,NC
20211007DCWAW,Handgun,Washington,DC
20211006TXTIA,Handgun,Arlington,TX
20211005NDHEH,Handgun,Hettinger,ND
20211005NCGAC,Handgun,Charlotte,NC
20211004PASCP,Handgun,Philadelphia,PA
20211004PASCP,Rifle,Philadelphia,PA
20211004OHWOT,Handgun,Toledo,OH
20211004ILLAC,Handgun,Chicago,IL
20211001TXYEH,Rifle,Houston,TX
20211001NJCHC,Handgun,Cherry Hill,NJ
20211001NCSEF,Handgun,Fayetteville,NC
20211001NCNOD,Handgun,Durham,NC
20211001INBEI,Handgun,Indianapolis,IN
20210930TNCUM,Handgun,Memphis,TN
20210930MSNEN,Handgun,Newton,MS
20210929OHSHS,Handgun,Shaker Heights,OH
20210928MESOS,Handgun,South Portland,ME
20210927ILCAC,Other,Crystal Lake,IL
20210924VAESE,Handgun,Essex,VA
20210924TNSTS,Handgun,Smyrna,FL
20210924TNSTS,Rifle,Smyrna,FL
20210924MDWIB,Handgun,Baltimore,MD
20210924ALFAF,unknown,Fairfield,AL
20210923IDRIR,Handgun,Rigby,ID
20210922NYSOB,Handgun,Brooklyn,NY
20210922CTLIN,unknown,New Haven,CT
20210921PAVAP,Handgun,Philadelphia,PA
20210921OHMIM,Other,Middletown,OH
20210921KSEAW,Handgun,Wichita,KS
20210921GAFRA,Handgun,Atlanta,GA
20210921FLLAL,Other,Lake Asbury,FL
20210920VAHEN,Handgun,Newport News,VA
20210920OHEAC,Multiple Handguns,Cleveland,OH
20210920OHEAC,Handgun,Cleveland,OH
20210918COWIC,Handgun,Colorado Springs,CO
20210917VAHEH,Handgun,Henrico,VA
20210917TNAUK,Handgun,Knoxville,TN
20210917PAWEP,Handgun,Philadelphia,PA
20210917NCPAW,Handgun,Winston-Salem,NC
20210917GASWS,Handgun,Swainsboro,GA
20210916WIORM,Handgun,Madison,WI
20210916UTPRP,Other,Provo,UT
20210915VASPS,Other,Springfield,VA
20210915KYMAL,Handgun,Lexington,KY
20210915ILCEC,Handgun,Champaign,IL
20210914TNLAL,Handgun,La Vergne,TN
20210914MOMCH,Multiple Handguns,Hazelwood,MO
20210913SCEDC,Handgun,Chesterfield County,SC
20210910CONOA,Handgun,Arvada,CO
20210910CASTP,Other,Palo Alto,CA
20210909NCSHE,unknown,Elizabeth City,NC
20210909MITRF,Handgun,Ferndale,MI
20210909ILCHC,Handgun,Champaign,IL
20210908MNPRB,Multiple Handguns,Brooklyn Park,MN
20210908ILCEC,Handgun,Champaign,IL
20210907TNLAL,Handgun,La Vergne,TN
20210907PAHAH,Handgun,Harrisburg,PA
20210907MAOMG,Other,Gloucester,MA
20210903NVDEL,Handgun,Las Vegas,NV
20210903NCJUC,Handgun,Charlotte,NC
20210903CAMTH,Handgun,Hayward,CA
20210903CABUB,Handgun,Buena Park,CA
20210902NMALA,Multiple Handguns,Albuquerque,NM
20210902INWEG,Handgun,Gary,IN
20210902GAWOS,Handgun,Stockbridge,GA
20210902CASAL,Handgun,Los Angeles,CA
20210902CASAL,Handgun,Los Angeles,CA
20210902CASAL,Handgun,Los Angeles,CA
20210902CASAL,Handgun,Los Angeles,CA
20210902ARLIL,Handgun,Little Rock,AR
20210901NCMTW,Handgun,Winston-Salem,NC
20210901ILFRC,Handgun,Chicago,IL
20210830NJWEN,Handgun,Newark,NJ
20210830NCNEW,Handgun,Wilmington,NC
20210830MDNEO,Handgun,Owings Mills,MD
20210830FLOKW,Other,West Palm Beach,FL
20210828CASAS,Handgun,Santa Maria,CA
20210827VAFRW,Handgun,Woodbridge,VA
20210827KYAPO,Handgun,Owensboro,KY
20210827INHAH,Handgun,Hammond,IN
20210826WAAKS,Multiple Handguns,Seattle,WA
20210826OHNOT,Handgun,Toledo,OH
20210826NYHAH,Handgun,Hauppauge,NY
20210822ILWER,Handgun,Rockford,IL
20210820NEMIO,unknown,Omaha,NE
20210820CACEF,Handgun,Fresno,CA
20210818SCORO,Handgun,Orangeburg,SC
20210818SCORO,Handgun,Orangeburg,SC
20210815VAROD,Handgun,Dale City,VA
20210814SCDAH,Other,Hartsville,SC
20210814ILMAC,unknown,Chicago,IL
20210813NMWAA,Handgun,Albuquerque,NM
20210813GACAS,Handgun,Smyrna,GA
20210812GALIL,Handgun,Lithonia,GA
20210812CANOS,Handgun,San Jacinto,CA
20210811COMAC,unknown,Colorado Springs,CO
20210811CAOAO,Handgun,Oakland,CA
20210810OHEAC,Handgun,Columbus,OH
20210807ORGIP,unknown,Portland,OR
20210806LASTH,Handgun,Houma,LA
20210805GACHD,unknown,Douglasville,GA
20210727WATYS,Handgun,SeaTac,WA
20210721ILTHC,unknown,Chicago,IL
20210719TXCAC,Other,Caldwell,TX
20210718ARFOL,Handgun,Little Rock,AL
20210709KSCAW,Handgun,Wichita,KS
20210708ILBEC,Handgun,Chicago,IL
20210704NYDRR,unknown,Rochester,NY
20210628CASLF,unknown,Fresno,CA
20210624ILABR,unknown,Rockford,IL
20210620CAGRM,Handgun,Modesto,CA
20210614TXEAF,Handgun,Fort Worth,TX
20210614NCROR,Multiple Handguns,Rowland,NC
20210614NCRJW,Handgun,Winston-Salem,NC
20210614NCRJW,Rifle,Winston-Salem,NC
20210613PAWIP,Handgun,Philadelphia,PA
20210613PAPAC,unknown,Columbia,PA
20210612MOMCF,Handgun,Florissant,MO
20210610CTHOW,Multiple Handguns,Waterbury,CT
20210609VAWIR,Handgun,Roanoke,VA
20210609TXNOH,Handgun,Houston,TX
20210608PAMUS,Handgun,Sharon,PA
20210608KSHAK,unknown,Kansas City,KS
20210607TXEAF,Handgun,Fort Worth,TX
20210606VADRA,Multiple Handguns,Arlington,VA
20210601ILLIC,Handgun,Chicago,IL
20210525NJPAP,Rifle,Paterson,NJ
20210517TXBRE,Other,El Paso,TX
20210517TNAUM,Handgun,Memphis,TN
20210517MDLOC,Multiple Handguns,Columbia,MD
20210514CASAS,Handgun,San Mateo,CA
20210511NYPSB,Handgun,Brooklyn,NY
20210511CAVEL,Other,Los Angeles,CA
20210506SCFOC,Rifle,Columbia,SC
20210506IDRIR,Handgun,Rigby,ID
20210505SCWAW,Handgun,Ware Shoals,SC
20210505MICRC,Handgun,Cutlerville,MI
20210502ILCHC,Multiple Handguns,Chicago,IL
20210501MNBES,Multiple Handguns,St. Paul,MN
20210430INMAI,Handgun,Indianapolis,IN
20210429NYURB,Multiple Handguns,Brooklyn,NY
20210429CAVIV,Handgun,Victorville,CA
20210427TNLAM,Handgun,Memphis,TN
20210427DESMS,Handgun,Smyrna,DE
20210426MNPLP,Handgun,Plymouth,MN
20210420TXHAH,Handgun,Harker Heights,TX
20210418OHWED,Handgun,Dayton,OH
20210413TNMAC,Handgun,Columbia,TN
20210412TNAUK,unknown,Knoxville,TN
20210412CASAS,Rifle,San Diego,CA
20210412CASAS,Handgun,San Diego,CA
20210411INBIH,Handgun,Hammond,IN
20210407ILPEP,Handgun,Peoria,IL
20210406ILBAC,Other,Chicago,IL
20210401OKCLC,Other,Cleveland,OK
20210401ALSES,Handgun,Selma,AL
20210327MAPEC,unknown,Cambridge,MA
20210326MOCAS,Handgun,St Charles,MO
20210324ORFOS,Handgun,Salem,OR
20210319WVSPM,Other,Martinsburg,WV
20210318KYGRL,Handgun,Louisville,KY
20210315INMEM,Multiple Handguns,Merrillville,IN
20210313TXLEA,Handgun,Abilene,TX
20210311OHCIC,unknown,Cincinnati,OH
20210309TNSAK,Handgun,Knoxville,TN
20210309OHBIC,unknown,Columbus,OH
20210308SCEDC,Handgun,Chesterfield,SC
20210301ARWAP,Handgun,Pine Bluff,AR
20210226LAGEN,Handgun,New Orleans,LA
20210224WAGAY,Handgun,Yakima,WA
20210222CAHOV,unknown,Visalia,CA
20210219ILLIR,unknown,Rockford,IL
20210217TNKNK,unknown,Knoxville,TN
20210216NCTHS,Other,Statesville,NC
20210214MNROM,unknown,Minneapolis,MN
20210210TXFOF,unknown,Fort Worth,TX
20210210NJSCP,unknown,Paterson,NJ
20210210LASTS,unknown,St. Martinville,LA
20210208MISCG,unknown,Grand Rapids,MI
20210205MDBEM,unknown,Marlow Heights,MD
20210201MIMUD,Handgun,Dearborn,MI
20210127MSHAH,Handgun,Hattiesburg,MS
20210127FLHOH,Other,Holly Hill,FL
20210121OKLOG,Handgun,Grove,OK
20210121OHEAC,Handgun,Columbus,OH
20210114MDHIW,unknown,Wheaton,MD
20210110ILSOS,unknown,Springfield,IL
20210104NYPEJ,Handgun,Johnstown,NY
20201229WAROS,Handgun,Spokane,WA
20201225FLYOP,Handgun,Pompano Beach,FL
20201211VATAY,Handgun,Yorktown,VA
20201125KSABG,Handgun,Garden City,KS
20201124NCHEH,Handgun,Hendersonville,NC
20201117TXWEW,Handgun,Weatherford,TX
20201117MTGRG,Other,Great Falls,MT
20201116TNWIM,Handgun,Memphis,TN
20201113NCLIL,Handgun,Leland,NC
20201026GARIR,Handgun,Riverdale,GA
20201020ARJAP,Handgun,Pine Bluff,AR
20201014WAWAS,Multiple Handguns,Sunnyside,WA
20201014PABRB,Other,Bradford,PA
20201012TXNOD,Handgun,Dallas,TX
20201012MNSHS,Shotgun,Shakopee,MN
20201009FLJEJ,Handgun,Jacksonville,FL
20201005OKSOM,Other,Moore,OK
20201005ARKIH,Handgun,West Helena,AR
20201002PAMAE,Other,Exton,PA
20200925ILROR,Handgun,Rock Island,IL
20200924ILMCS,Other,Springfield,IL
20200924CAWAC,Multiple Handguns,Ceres,CA
20200924CAWAC,Multiple Rifles,Ceres,CA
20200923PAWIW,Handgun,Warminster,PA
20200923FLHIJ,Other,Jacksonville,FL
20200921CAPLP,Rifle,Pleasant Hill,CA
20200915UTVIB,Shotgun,Bountiful,UT
20200915SCYOR,Other,Rock Hill,SC
20200909PAWEW,Handgun,West Bradford Township,PA
20200830TXLOD,Handgun,Dallas,TX
20200825MOWEC,Handgun,Columbia,MO
20200817MIABG,Handgun,Grand Rapids,MI
20200804PAKEP,Handgun,Pittsburg,PA
20200729ILCOC,Handgun,Collinsville,IL
20200727AZCAO,Handgun,Oro Valley,AZ
20200721SCBRO,Handgun,Orangeburg,SC
20200714MIWID,Handgun,Detroit,MI
20200704INLAM,Handgun,Michigan City,IN
20200701ILFRP,Handgun,Prospect Heights,IL
20200630OHLAW,Rifle,West Chester Township,OH
20200616FLTOM,unknown,Miami,FL
20200603IAGAD,unknown,Davenport,IA
20200527OHLUC,Handgun,Cleveland,OH
20200525ALORM,Handgun,Mobile,AL
20200522OHMIC,unknown,Cleveland,OH
20200519VAWEM,Handgun,Manassas,VA
20200515NCSTC,Handgun,Cramerton,NC
20200505CAGOV,unknown,Visalia,CA
20200419NCABR,Handgun,Raleigh,NC
20200413NEMOO,Handgun,Omaha,NE
20200330GANAS,Handgun,Stonecrest,GA
20200324LAROM,Handgun,Monroe,LA
20200318LABOS,Handgun,Shreveport,LA
20200315TXATH,Handgun,Humble,TX
20200313TNPIR,Handgun,Rockwood,TN
20200310PASHN,unknown,New Castle,PA
20200305FLSAW,Handgun,Weston,FL
20200302TXNOF,Handgun,Forney,TX
20200221NMCEA,unknown,Albuquerque,NM
20200215DCDUW,unknown,Washington,DC
20200212MOJOF,Handgun,Ferguson,MO
20200205NHSEC,Handgun,Concord,NH
20200204LABEA,Rifle,Arnaudville,LA
20200203FLGEJ,Handgun,Jacksonville,FL
20200201TXHIH,Handgun,Houston,TX
20200131CADEA,Handgun,Antioch,CA
20200128TXLUL,Handgun,Lufkin,TX
20200128TNWHM,Handgun,Memphis,TN
20200128NYMAQ,Handgun,Queens,NY
20200127WAROY,Handgun,Yakima,WA
20200123CAOXO,Handgun,Oxnard,CA
20200121NEPAL,Other,Lincoln,NE
20200121ILLIC,Handgun,Chicago,IL
20200119TXNOF,Multiple Handguns,Fort Worth,TX
20200117SCCAS,unknown,Summerville,SC
20200117MITHH,Handgun,Howell,MI
20200114TXPOM,Handgun,Mesquite,TX
20200114TXBEH,Handgun,Houston,TX
20200111TXELD,Handgun,Dallas,TX
20200110MSMCJ,Other,Jackson,MS
20200108FLGLB,Handgun,Belle Glade,FL
20200107WASOK,Other,Kennewick,WA
20191228MOMAS,unknown,St. Louis,MO
20191221LAWES,Handgun,St. John the Baptist Parish,LA
20191219FLLEN,unknown,Naples,FL
20191216CTCAN,Handgun,New Haven,CT
20191213VAMAN,Handgun,Norfolk,VA
20191211KSCHT,Other,Topeka,KS
20191211INEVE,Other,Evansville,IN
20191210NJSAJ,unknown,Jersey City,NJ
20191210KSJCK,unknown,Kansas City,KS
20191210ALDED,Handgun,Decatur,AL
20191204NMPIL,Handgun,Las Cruces,NM
20191203WITHM,Other,Madison,WI
20191203WIOSO,Handgun,Oshkosh,WI
20191202WIWAW,Handgun,Waukesha,WI
20191201ALMOM,Handgun,Mountain Brook,AL
20191126WASAV,Handgun,Vancouver,WA
20191125ILCAC,Handgun,Chicago,IL
20191124CASEU,unknown,Union City,CA
20191121ILRIO,Other,Olympia Fields,IL
20191115NJPLP,Handgun,Pleasantville,NJ
20191114CASAS,Handgun,Santa Clarita,CA
20191113CAESL,unknown,Los Angeles,CA
20191111MDACB,Handgun,Baltimore,MD
20191108TXROD,unknown,Dallas,TX
20191108CAEDS,unknown,Stockton,CA
20191029NYNEN,Handgun,New York,NY
20191027MDLAL,Handgun,Laurel,MD
20191022CARIS,Handgun,Santa Rosa,CA
20191018OHWOT,unknown,Toledo,OH
20191018GACRS,Handgun,South Fulton,GA
20191015LAGEN,Handgun,New Orleans,LA
20191011LARAR,Handgun,Rayne,LA
20191009MAGRL,Other,Lowell,MA
20191008TXWEH,unknown,Houston,TX
20191008COSHS,Handgun,Sheridan,CO
20191002GASOA,Handgun,Atlanta,GA
20190927NCZEC,Handgun,Charlotte,NC
20190927CADER,Multiple Handguns,Richmond,CA
20190920PASIP,Handgun,Philadelphia,PA
20190918MNFOC,Handgun,Cloquet,MN
20190916VAPHH,Handgun,Hampton,VA
20190916ILILK,unknown,Kankakee,IL
20190914TXEAF,Handgun,Fort Worth,TX
20190913VAETN,Handgun,Newport News,VA
20190913UTGRW,Handgun,West Valley City,UT
20190912KSMAM,unknown,Manhattan,KS
20190910SCSOA,Handgun,Aiken,SC
20190906PAWEM,unknown,Morrisville,PA
20190906PAMCJ,Handgun,Jeannette,PA
20190906ALCEC,unknown,Center Point,AL
20190902MDNOB,unknown,Baltimore,MD
20190830OHCET,Handgun,Toledo,OH
20190830NCKIK,Handgun,Kingston,NC
20190830ALLAM,Handgun,Mobile,AL
20190827NYROR,Handgun,Roosevelt,NY
20190827CAHOL,unknown,Los Angeles,CA
20190824PAWIP,Handgun,Philadelphia,PA
20190823MOROS,unknown,St. Louis,MO
20190823MOPAS,Handgun,St. Louis,MO
20190823GAPEC,unknown,Conyers,GA
20190820PASAC,Handgun,Carlisle,PA
20190817GALAA,Handgun,Atlanta,GA
20190815TNEAN,Handgun,Nashville,TN
20190809NJWEN,Handgun,Newark,NJ
20190808ALBLM,Handgun,Montgomery,AL
20190719CAMOS,Other,San Diego,CA
20190711CTBUH,unknown,Hartford,CT
20190702AKWIA,Handgun,Anchorage,AK
20190701NYSCN,Handgun,New York,NY
20190629COJAC,Handgun,Colorado Springs,CO
20190621MICAF,Handgun,Flint Township,MI
20190613NJTAW,Handgun,Westfield,NJ
20190612PAJEE,Handgun,Emmaus,PA
20190612DCHEW,Handgun,Washington,DC
20190610ILMEW,Handgun,Waukegan,IL
20190606ILGEC,Handgun,Chicago,IL
20190530DCHEW,Handgun,Washington,DC
20190522OHSAC,Handgun,Columbus,OH
20190517ORPAP,Shotgun,Portland,OR
20190517FLTEJ,Handgun,Jacksonville,FL
20190508ILSEC,Handgun,Chicago,IL
20190507COSTH,Multiple Handguns,Highlands Ranch,CO
20190430VACDW,Handgun,Woodbridge,VA
20190430FLWEW,Handgun,Wesley Chapel,FL
20190426GACRF,Handgun,Fairburn,GA
20190425GAWYS,Handgun,Stone Mountain,GA
20190424ARCOC,Handgun,Concord,AR
20190417ILWAL,Handgun,Lyons,IL
20190410TXROH,unknown,Houston,TX
20190407MAHOL,unknown,Lynn,MA
20190405WISTM,Handgun,Milwaukee,WI
20190403FLSAJ,unknown,Jacksonville,FL
20190403COAUA,Handgun,Aurora,CO
20190401ARPRP,Handgun,Prescott,AR
20190327MSSVH,Handgun,Holmes County,MS
20190327FLMAJ,Other,Jacksonville,FL
20190322ALBLB,Handgun,Blountsville,AL
20190313FLLAO,Handgun,Orlando,FL
20190301KSHIM,Handgun,Mission,KS
20190226ALROM,Handgun,Montgomery,AL
20190217COEAA,Handgun,Aurora,CO
20190214NMV.R,Handgun,Rio Rancho,NM
20190212MOCEK,Handgun,Kansas City,MO
20190208MDFRB,Handgun,Baltimore,MD
20190205MNMIM,Handgun,Minneapolis,MN
20190131TXATA,Handgun,Atascocita,TX
20190131TNMAM,Other,Memphis,TN
20190130GAMIL,Handgun,Lithonia,GA
20190127NVRER,Handgun,Reno,NV
20190125TNMAM,Other,Memphis,TN
20190125ALDAM,Handgun,Mobile,AL
20190123LASOS,unknown,Shreveport,LA
20190119KSLAO,Shotgun,Overland Park,KS
20190118NCSHD,unknown,Durham,NC
20190118MOHAS,Handgun,St. Louis,MO
20190118ALCET,Handgun,Tuscaloosa,AL
20190111ORCAE,Handgun,Eugene,OR
20190107CACEB,unknown,Belmont,CA
20181218DEAIG,Handgun,Greenville,DE
20181214MOWIK,Handgun,Kansas City,MO
20181213INDER,Handgun,Richmond,IN
20181213INDER,Rifle,Richmond,IN
20181211KYCAC,Other,Cawood,KY
20181210NYJEJ,Handgun,Jefferson,NY
20181128PASTP,unknown,Philadelphia,PA
20181124OHAFC,Handgun,Columbus,OH
20181122WAMOD,Handgun,Des Moines,WA
20181122TXSKD,Handgun,Dallas,TX
20181121MIPEP,Other,Pentwater,MI
20181120VASIP,Handgun,Portsmouth,VA
20181112MDEAE,Handgun,Essex,MD
20181109GAGAM,Handgun,Marietta,GA
20181108CACLS,unknown,Santa Barbara,CA
20181105SCACC,Other,Conway,SC
20181104KYCRL,Handgun,Louisville,KY
20181029NCBUM,Handgun,Matthews,NC
20181026FLSAO,Handgun,Ocala,FL
20181025MICOD,unknown,Detroit,MI
20181023NHGOM,Other,Manchester,NH
20181022CTDUB,Handgun,Bridgeport,CT
20181020GASHS,Handgun,Snellville,GA
20181013TNMCN,unknown,Nashville,TN
20181012MIBAB,unknown,Battle Creek,MI
20181007VAVAH,Handgun,Henrico,VA
20181005VALAN,Handgun,Norfolk,VA
20181005TNHAB,Handgun,Brownsville,TN
20181004ORJAP,Handgun,Portland,OR
20181003AKDEA,Handgun,Anchorage,AK
20181002ARCHL,Handgun,Little Rock,AR
20180928SDCHC,Handgun,Chamberlain,SD
20180927TXHEC,Handgun,Carrollton,TX
20180926MDMAB,Handgun,Baltimore,MD
20180924PACEP,Handgun,Philadelphia,PA
20180924NCLAC,Handgun,Charlotte,NC
20180924GAAPB,Handgun,Baxley,GA
20180920CAPOP,unknown,Pomona,CA
20180920CACHL,Handgun,Los Angeles,CA
20180917ALBLH,Handgun,Huntsville,AL
20180914WAMAE,Handgun,Everett,WA
20180914FLBOB,Handgun,Boynton Beach,FL
20180911NVCAL,Handgun,Las Vegas,NV
20180910TNFAM,unknown,Memphis,TN
20180910ILCHC,Handgun,Chicago,IL
20180909CAGIG,Handgun,Gilroy,CA
20180907IAHED,unknown,Des Moines,IA
20180905RIPRP,Handgun,Providence,RI
20180903NYLUN,Handgun,New York,NY
20180831IANOE,Handgun,Eldridge,IA
20180831CABAS,Handgun,San Francisco,CA
20180830NCVIC,Handgun,Charlotte,NC
20180830MIOTG,unknown,Grand Rapids,MI
20180829DETOD,unknown,Dover,DE
20180828COCOD,Handgun,Denver,CO
20180824ILMEC,unknown,Chicago,IL
20180824FLRAJ,Handgun,Jacksonville,FL
20180823ALALM,Handgun,Montgomery,AL
20180817FLPAW,Handgun,Wellington,FL
20180811TNANN,Handgun,Nashville,TN
20180809NJLAM,unknown,Millville,NJ
20180804MDEDE,unknown,Edgewood,MD
20180803IALIO,Handgun,Ottumwa,IA
20180719WAWEY,unknown,Yakima,WA
20180717WVHUH,Handgun,Hurricane,WV
20180711OHMIM,unknown,Maple Heights,OH
20180703KSSUO,Handgun,Overland,KS
20180701TNRAM,unknown,Memphis,TN
20180625OHFUS,Handgun,Springfield,OH
20180624MTSEM,Handgun,Missoula,MT
20180621TXSKD,unknown,Dallas,TX
20180617ORGRP,unknown,Portland,OR
20180615OHVAB,unknown,Beaver Creek,OH
20180601TXMCM,unknown,McKinney,TX
20180525INNON,Handgun,Noblesville,IN
20180525INNON,Handgun,Noblesville,IN
20180521GABEG,unknown,Griffin,GA
20180518TXSAS,Handgun,Santa Fe,TX
20180518TXSAS,Shotgun,Santa Fe,TX
20180518GAMOA,Handgun,Atlanta,GA
20180517MOCEK,Handgun,Kansas City,MO
20180516ILDID,Rifle,Dixon,IL
20180511CAHIP,Rifle,Palmdale,CA
20180505MIFOF,Handgun,Fowlerville,MI
20180503TNWAW,unknown,Waynesboro,TN
20180503SDENW,unknown,Waubay,SD
20180425NMHIA,Handgun,Albuquerque,NM
20180423GABEA,Handgun,Atlanta,GA
20180420FLFOO,Shotgun,Ocala,FL
20180419MIJAJ,Handgun,Jackson,MI
20180412MORAR,Handgun,Rayton,MO
20180409NYGLG,Handgun,Gloversville,NY
20180329KYJOE,Handgun,Elizabethtown,KY
20180328MSEUE,Handgun,Eupora,MS
20180320MDGRG,Handgun,Great Mills,MD
20180319VADOP,unknown,Portsmouth,VA
20180316MTBIM,Handgun,Missoula,MT
20180313VAGEA,Handgun,Alexandria,VA
20180313CASES,Handgun,Seaside,CA
20180309KYFRL,Handgun,Lexington,KY
20180307ALHUB,Handgun,Birmingham,AL
20180305MOKIC,unknown,Cadet,MO
20180228GADAD,Handgun,Dalton,GA
20180226WAOAT,Handgun,Tacoma,WA
20180220OHJAM,Rifle,Massillon,OH
20180215FLNOC,Handgun,Coconut Creek,FL
20180214FLMAP,Rifle,Parkland,FL
20180209TNPEN,Handgun,Nashville,TN
20180208NYTHN,Handgun,New York,NY
20180205MNHAM,Handgun,Maplewood,MN
20180205MDOXO,Handgun,Oxon Hill,MD
20180201CASAL,Handgun,Los Angeles,CA
20180131PALIP,unknown,Philadelphia,PA
20180126MIDED,unknown,Dearborn,MI
20180125ALMUM,Handgun,Mobile,AL
20180123KYMAB,Handgun,Benton,KY
20180122TXITI,Handgun,Italy,TX
20180122LANEN,unknown,New Orleans,LA
20180116VTMOM,Handgun,Montpelier,VT
20180109AZCOS,Handgun,Sierra Vista,AZ
20180105IAFOF,Other,Forest City,IA
20180104WANES,unknown,Seattle,WA
20171231WAPIM,unknown,Marysville,WA
20171231LAEDA,unknown,Algiers,LA
20171227CALIL,Handgun,Lancaster,CA
20171219MIBEB,Handgun,Beecher,MI
20171214TXELD,Handgun,Dallas,TX
20171212TXSAP,unknown,Pasadena,TX
20171211NCHIH,Handgun,High Point,NC
20171209ILCHC,Handgun,Champaign,IL
20171207NMAZA,Handgun,Aztec,NM
20171130VASAV,unknown,Virginia Beach,VA
20171129OHBAL,Handgun,Lima,OH
20171128CABOS,Shotgun,San Jose,CA
20171123COMAD,unknown,Denver,CO
20171117TNNOJ,unknown,Jackson,TN
20171114FLLAM,Handgun,Minneola,FL
20171114CARAR,Handgun,Rancho Tehama Reserve,CA
20171114CARAR,Handgun,Rancho Tehama Reserve,CA
20171114CARAR,Rifle,Rancho Tehama Reserve,CA
20171114CARAR,Rifle,Rancho Tehama Reserve,CA
20171110GALAM,Handgun,Milledgeville,GA
20171109GABEC,Handgun,College Park,GA
20171103MIPAL,Handgun,Lansing,MI
20171027NYPRU,unknown,Utica,NY
20171020OHSTT,Handgun,Toledo,OH
20171014NCKEK,Handgun,Kernersville,NC
20171012NCCHC,Handgun,Charlotte,NC
20170930PAPUC,Handgun,Commodore,PA
20170929MOLEL,unknown,Lees Summit,MO
20170929CASUL,Other,Los Angeles,CA
20170928KYSOL,unknown,Lexington,KY
20170920ILMAM,Handgun,Mattoon,IL
20170913WAFRR,Handgun,Rockford,WA
20170913WAFRR,Rifle,Rockford,WA
20170908OHCOC,Handgun,Columbus,OH
20170908ARNON,unknown,North Little Rock,AR
20170831CAARS,Handgun,San Bernardino,CA
20170817GALIL,unknown,Lithia Springs,GA
20170813NYHUH,unknown,Hudson,NY
20170801GABAV,Handgun,Valdosta,GA
20170721UTSPS,Handgun,Spanish Fork,UT
20170719WIHIM,Handgun,Milwaukee,WI
20170622SCWIF,Handgun,Florence,SC
20170616ILWAC,Handgun,Chicago,IL
20170526OKMCT,Handgun,Tulsa,OK
20170524NEMCO,unknown,Omaha,NE
20170524ALGRG,Handgun,Greensboro,AL
20170523TXKEK,Handgun,Kirbyville,TX
20170515LAMOL,Handgun,Lake Charles,LA
20170415ORMEP,Handgun,Portland,OR
20170415OKBOT,unknown,Tulsa,OK
20170410CANOS,Handgun,San Bernardino,CA
20170328PALIP,Handgun,Penn Hills,PA
20170321CAKIK,Handgun,King City,CA
20170316ALROM,Handgun,Montgomery,AL
20170218MNMAM,Handgun,Maplewood,MN
20170206LASCB,Handgun,Baton Rouge,LA
20170127SCSOA,Handgun,Aiken,SC
20170127ILSCN,Handgun,Naperville,IL
20170120OHWEW,Shotgun,West Liberty,OH
20170117FLFRE,unknown,Eastpoint,FL
20170110ALALA,Handgun,Alexander City,AL
20170101DELAH,Handgun,Harrington,DE
20161216FLSAJ,Other,Jacksonville,FL
20161209NVHUR,Handgun,Reno,NV
20161209MOBAS,Handgun,St. Louis,MO
20161201UTMUB,Shotgun,Bountiful,UT
20161117MNCRS,Handgun,St. Paul,MN
20161111MIBAA,Handgun,Auburn,MI
20161103COBEB,unknown,Berthoud,CO
20161102COGRG,unknown,Grand Junction,CO
20161025UTUNS,Handgun,Sandy,UT
20161018CAJUS,unknown,San Francisco,CA
20161015GABEA,unknown,Atlanta,GA
20161013OHLIC,Multiple Handguns,Columbus,OH
20161011ALVIM,unknown,Mobile,AL
20161006TXDUF,unknown,Fort Worth,TX
20160930ILCHC,unknown,Chicago,IL
20160928TNSYP,Handgun,Pleasant View,TN
20160928SCTOT,Handgun,Townville,SC
20160927OHELC,Rifle,Cincinnati,OH
20160926MSTAJ,Handgun,Jackson,MS
20160909PASMY,Handgun,York,PA
20160909IACEC,Handgun,Cedar Rapids,IA
20160908TXALA,Handgun,Alpine,TX
20160907MIDED,unknown,Detroit,MI
20160902OKMCT,Handgun,Tulsa,OK
20160819FLSOM,Handgun,Miami,FL
20160817OHWEC,Handgun,Columbus,OH
20160725MOAVA,Handgun,Ava,MO
20160630CAWOH,unknown,Hanford,CA
20160616ILMCC,unknown,Chicago,IL
20160608MAJED,unknown,Dorchester,MA
20160515KSAUA,Handgun,Augusta,KS
20160513SCSOG,Handgun,Greenville,SC
20160506IDROT,Handgun,Twin Falls,ID
20160506FLOSP,Handgun,Panama City,FL
20160505MDHIB,Handgun,Beltsville,MD
20160504COEAP,Handgun,Pueblo,CO
20160502TXKID,Handgun,Dallas,TX
20160423WIANA,Rifle,Antigo,WI
20160315ALHUB,Handgun,Birmingham,AL
20160229OHMAM,Handgun,Middletown,OH
20160226TXPAP,Handgun,Palestine,TX
20160217PACHC,Handgun,Chester,PA
20160217FLROH,Handgun,Homosassa,FL
20160212AZING,Handgun,Glendale,AZ
20160209MIMUM,Handgun,Muskegon Heights,MI
20160129PABEP,Handgun,Philadelphia,PA
20160122INLAI,Handgun,Indianapolis,IN
20160120INNOI,Handgun,Indianapolis,IN
20160113ARHAB,Handgun,Benton,AR
20160112DECED,Handgun,Dover,DE
20151204KSWEW,Handgun,Wichita,KS
20151120FLNAM,Handgun,Miami,FL
20151111ARSUS,Handgun,Sulphur Rock,AR
20151105GAVEM,Handgun,Moultrie,GA
20151024TXEDS,unknown,San Antonio,TX
20151015TXKAS,Handgun,San Antonio,TX
20150930SDHAH,Handgun,Harrisburg,SD
20150922NCCES,Handgun,Stateville,NC
20150911LANOL,unknown,Lafayette,LA
20150903ORNEN,unknown,Newberg,OR
20150825GAWSA,Handgun,Augusta,GA
20150823TXWIR,Handgun,Richmond,TX
20150808TXPAP,Handgun,Paradise,TX
20150724TXELC,Handgun,Converse,TX
20150705TXCOD,Handgun,Dallas,TX
20150629TXJOS,Handgun,San Antonio,TX
20150627CTSAH,unknown,Hartford,CT
20150623NEFOF,Handgun,Fort Calhoun,NE
20150604NCSOF,Multiple Handguns,Franklin,NC
20150527FLEVE,Handgun,Everglades City,FL
20150524MISOF,unknown,Flint,MI
20150521FLDUJ,Handgun,Jacksonville,FL
20150520TXROR,unknown,Robinson,TX
20150512FLUNJ,Handgun,Jacksonville,FL
20150512AZCOT,Handgun,Tempe,AZ
20150505GACOC,Handgun,Conyers,GA
20150504OHWIC,unknown,Cleveland,OH
20150428MDDRW,Handgun,Waldorf,MD
20150427WANOL,Handgun,Lacey,WA
20150422NVRUL,Handgun,Las Vegas,NV
20150417TXSES,unknown,Seguin,TX
20150330MOPEU,unknown,University City,MO
20150215CATEM,unknown,Merced,CA
20150215ARLAL,unknown,Little Rock,AR
20150204MDFRF,Handgun,Frederick,MD
20150126MNHAR,Handgun,Roseville,MN
20150122SCROH,Handgun,Hardeeville,SC
20150120ALWIM,Handgun,Mobile,AL
20150116FLVAO,Handgun,Ocala,FL
20150115WIWIM,Handgun,Milwaukee,WI
20141217MIGOW,Handgun,Wyoming,MI
20141217MEBEW,Handgun,Waterville,ME
20141216PASUP,unknown,Pittsburgh,PA
20141212ORROP,Handgun,Portland,OR
20141120FLMIM,Handgun,Miami,FL
20141024WAMAM,Handgun,Marysville,WA
20141024GALAA,Handgun,Atlanta,GA
20141021TNAMM,Handgun,Memphis,TN
20141003GALAF,Handgun,Fairburn,GA
20140930NCALA,Handgun,Albemarle,NC
20140930KYFEL,Handgun,Louisville,KY
20140925NHWEM,Other,Manchester,NH
20140919IANOD,Shotgun,Des Moines,IA
20140911UTWET,Handgun,Taylorsville,UT
20140910FLGRL,Handgun,Lake Mary,FL
20140909FLSTM,unknown,Miami,FL
20140814VASAN,Shotgun,Newport News,VA
20140813MDHEF,unknown,Fredrick,MD
20140623MOKEB,Handgun,Benton,MO
20140610ORRET,Handgun,Troutdale,OR
20140610ORRET,Rifle,Troutdale,OR
20140521WICLM,Handgun,Milwaukee,WI
20140514CAJOR,unknown,Richmond,CA
20140503WAHOE,unknown,Everett,WA
20140421UTPRP,Handgun,Provo,UT
20140421INSTG,unknown,Griffith,IN
20140411MIEAD,unknown,Detroit,MI
20140410OHLIC,Handgun,Columbus,OH
20140409NCDHG,Handgun,Greenville,NC
20140403NJUNN,unknown,Newark,NJ
20140325GABEC,Handgun,College Park,GA
20140312FLACM,Handgun,Miami,FL
20140307LAMAT,Handgun,Tallulah,LA
20140220MIRAR,Handgun,Raytown,MI
20140211OHCHL,Handgun,Lyndhurt,OH
20140210NCSAS,Handgun,Salisbury,NC
20140207ORBEB,Rifle,Bend,OR
20140131IANOD,unknown,Des Moines,IA
20140131AZCEP,unknown,Phoenix,AZ
20140128HIPRH,Handgun,Honolulu,HI
20140127ILREC,Handgun,Carbondale,IL
20140117PADEP,Handgun,Philadelphia,PA
20140114PAKIL,Handgun,Lancaster,PA
20140114NMBER,Shotgun,Roswell,NM
20140114LASTB,Handgun,Baton Rouge,LA
20140113CTHIN,Handgun,New Haven,CT
20140109TNLIJ,Handgun,Jackson,TN
20131219CAEDF,Handgun,Fresno,CA
20131213COARC,Shotgun,Centennial,CO
20131204FLWEW,Handgun,Winter Garden,FL
20131113PABRP,Handgun,Pittsburgh,PA
20131103GASTL,unknown,Lithonia,GA
20131101IAALA,unknown,Algona,IA
20131023CANEC,Rifle,Chino,CA
20131021NVSPS,Handgun,Sparks,NV
20131015TXLAA,Handgun,Austin,TX
20131004FLAGP,unknown,Pine Hills,FL
20131002NHWIS,Other,Sanbornton,NH
20130928MENEG,unknown,Gray,ME
20130927ILROC,Handgun,Chicago,IL
20130830NCCAW,Handgun,Winston-Salem,NC
20130823MSNOS,unknown,Sardis,MS
20130822TNWEM,Handgun,Memphis,TN
20130820GAROD,Rifle,Decatur,GA
20130815TNNOC,Handgun,Clarksville,TN
20130619FLALW,Handgun,West Palm Beach,FL
20130618NCHIC,Multiple Handguns,Charlotte,NC
20130523FLREH,Handgun,Homestead,FL
20130513ALOSB,Handgun,Birmingham,AL
20130430NMTUT,Rifle,Tularosa,NM
20130429OHLAC,Handgun,Cincinnati,OH
20130416TXTET,Handgun,Temple,TX
20130321MIDAS,Handgun,Southgate,MI
20130227GAGRA,Handgun,Atlanta,GA
20130213CAHIS,Handgun,San Leandro,CA
20130201MIMAD,Handgun,Detroit,MI
20130131GAPRA,Handgun,Atlanta,GA
20130131GAPRA,Handgun,Atlanta,GA
20130111MIOSD,unknown,Detroit,MI
20130110CATAT,Shotgun,Taft,CA
20130107FLAPF,unknown,Fort Myers,FL
20121214CTSAN,Handgun,Newtown,CT
20121214CTSAN,Handgun,Newtown,CT
20121214CTSAN,Rifle,Newtown,CT
20121214CTSAN,Shotgun,Newtown,CT
20121210TXSPH,Handgun,Houston,TX
20121019ILBAC,unknown,Chicago,IL
20121012NDFAF,Handgun,Fairmont,ND
20120926OKSTS,Handgun,Stillwater,OK
20120907ILNON,Handgun,Normal,IL
20120827MDPEP,Shotgun,Perry Hall,MD
20120824GABAH,Handgun,Homer,GA
20120816TNHAM,unknown,Memphis,TN
20120706RINAP,unknown,Pawtucket,RI
20120525NCMAC,Handgun,Chapel Hill,NC
20120525AZWEA,Handgun,Avondale,AZ
20120401ARKIR,Handgun,Rogers,AR
20120315ALLEM,Handgun,Mobile,AL
20120306FLEPJ,Rifle,Jacksonville,FL
20120227OHCHC,Handgun,Chardon,OH
20120222WAARB,Handgun,Bremerton,WA
20120210NHWAW,Shotgun,Walpole,NH
20120110TXNOH,Handgun,Houston,TX
20120104TXCUB,Handgun,Brownsville,TX
20111228MINOF,Handgun,Flint,MI
20111212TXHAE,Rifle,Edinburg,TX
20111024NCCAF,Rifle,Fayetteville,NC
20110930ORWIP,Handgun,Portland,OR
20110930ORWIP,Shotgun,Portland,OR
20110930NCGAC,Handgun,Charlotte,NC
20110923WAISS,Rifle,Seattle,WA
20110523HIHIP,Handgun,Pearl City,HI
20110517WAHOE,Handgun,Everett,WA
20110419TXBEH,Handgun,Houston,TX
20110413FLSHA,Handgun,Apopka,FL
20110330TXWOH,Handgun,Houston,TX
20110325INMAM,Handgun,Martinsville,IN
20110202CALOP,Handgun,Placerville,CA
20110118CAGAL,Handgun,Los Angeles,CA
20110105NEMIO,Handgun,Omaha,NE
20110104INCRC,Other,Crown Point,IN
20101206COAUA,Handgun,Aurora,CO
20101129WIMAM,Handgun,Marinette,WI
20101023KSTOT,Handgun,Topeka,KS
20101008CAKEC,Handgun,Carlsbad,CA
20101001CAALS,unknown,Salinas,CA
20100921SCSOC,Handgun,Conway,SC
20100908MIMUD,unknown,Detroit,MI
20100830TNSUB,Handgun,Blountville,TN
20100518CASOS,Handgun,South Gate,CA
20100428VAWOP,Handgun,Portsmouth,VA
20100226WABIT,unknown,Tacoma,WA
20100223CODEL,Rifle,Littleton,CO
20100210TNINK,Handgun,Knoxville,TN
20100205ALDIM,Handgun,Madison,AL
20100120ALLIL,unknown,Livington,AL
20091211LABOS,Handgun,Shreveport,LA
20091106PAHAW,Handgun,West Philadelphia,PA
20091030CAWIL,Shotgun,Long Beach,CA
20091016SCCAC,Handgun,Conway,SC
20091008NYMAM,Rifle,Mattituck,NY
20090916VAVIG,Handgun,Glen Allen,VA
20090908CTSTS,Handgun,Stamford,CT
20090827NCWEF,Handgun,Fayetteville,NC
20090624IAAPP,Handgun,Parkersburg,IA
20090615CAINS,Handgun,San Francisco,CA
20090518LALAL,Handgun,Larose,LA
20090505NYCAC,Shotgun,Canandaigua,NY
20090501WISHS,unknown,Sheboygan,WI
20090413CALOL,Handgun,Los Angeles,CA
20090311TXCYH,Handgun,Houston,TX
20090310FLRIJ,Handgun,Jacksonville,FL
20090306NCWEF,unknown,Fayetteville,NC
20090302SDROS,Other,Sioux Falls,SD
20090223CTBRN,Handgun,Norwalk,CT
20090220CAJOH,Shotgun,Hayward,CA
20090217MICED,Handgun,Detroit,MI
20090211NCSCZ,Handgun,Zebulon,NC
20090210CABAE,Handgun,El Monte,CA
20090127NCCLC,Handgun,Clayton,NC
20090123ILCAC,Handgun,Cahokia,IL
20090120PAEAE,Handgun,Erie,PA
20090120MIBEM,Multiple Handguns,Mount Morris Township,MI
20090120ILCOC,Handgun,Chicago,IL
20090114ILPEC,unknown,Chicago,IL
20090109ILDUC,Handgun,Chicago,IL
20090108DEWIN,Handgun,New Castle,DE
20081231OKKEN,unknown,Norman,OK
20081231GASHS,Shotgun,Savannah,GA
20081227PAWIP,unknown,Philadelphia,PA
20081222FLLAL,Handgun,Largo,FL
20081221SCSUS,Handgun,Summerville,SC
20081212NYWIM,Handgun,Mastic Beach,NY
20081212NCGUA,Handgun,Asheboro,NC
20081205MNSHF,Handgun,Faribault,MN
20081202CAKIK,Handgun,King City,CA
20081130CAOAG,Handgun,Garden Grove,CA
20081125TXNOH,unknown,Houston,TX
20081118CACOO,Handgun,Oakland,CA
20081118CACEC,Handgun,Ceres,CA
20081115UTDES,Handgun,St. George,UT
20081115COTHL,Handgun,Loveland,CO
20081112FLDIF,Handgun,Fort Lauderdale,FL
20081103CAELO,Other,Oxnard,CA
20081103CABEB,Handgun,Bell,CA
20081031MESTS,unknown,Stockton Springs,ME
20081029CAELG,Other,Gilroy,CA
20081023ALPRP,Handgun,Prattville,AL
20081020CAVAA,Handgun,Acton,CA
20081016MIHED,unknown,Detroit,MI
20080919CAGEA,unknown,Athens,CA
20080915CAMIS,Handgun,Sacramento,CA
20080902OHSOW,Handgun,Willoughby,OH
20080821TNCEK,Handgun,Knoxville,TN
20080814WALAF,Handgun,Federal Way,WA
20080811WAWAK,Handgun,Kelso,WA
20080516LAMAT,unknown,Tallulah,LA
20080416CAROF,Handgun,Fresno,CA
20080306ALDAM,Handgun,Mobile,AL
20080214CAEOO,Handgun,Oxnard,CA
20080211TNMIM,Handgun,Memphis,TN
20080204TNHAM,Handgun,Memphis,TN
20071221CABAU,unknown,Union City,CA
20071126NYHOH,Handgun,Holland Patent,NY
20071105LAJOR,Handgun,River Ridge,LA
20071024TNMAM,Handgun,Memphis,TN
20071010OHSUC,Multiple Handguns,Cleveland,OH
20071001CTPLM,Other,Meriden,CT
20070930AZSSP,unknown,Phoenix,AZ
20070928CALAO,Handgun,Oroville,CA
20070804NJMON,Handgun,Newark,NJ
20070709ILCAC,unknown,Chicago,IL
20070628TXDAD,Handgun,Dallas,TX
20070617SCBRB,Handgun,Burton,SC
20070531NCNOG,Other,Garner,NC
20070530NCVAG,Other,Garner,NC
20070523RIOAC,Other,Coventry,RI
20070515TXLIL,Handgun,Los Fresnos,TX
20070512TXWEM,Shotgun,Mesquite,TX
20070510MIHED,unknown,Detroit,MI
20070504TXTIE,Handgun,El Maton,TX
20070503OHGED,Other,Dayton,OH
20070418NCNOH,Handgun,Huntersville,NC
20070410ORSPG,Rifle,Gresham,OR
20070410ILCHC,Handgun,Chicago,IL
20070329SCMYM,Handgun,Myrtle Beach,SC
20070327CTSAH,Handgun,Hartford,CT
20070323FLUNO,Other,Orlando,FL
20070308TNEAC,Handgun,Chattanooga,TN
20070307TXGRG,unknown,Greenville,TX
20070307MIHEM,Handgun,Midland,MI
20070307CACEC,Handgun,Compton,CA
20070227GACLA,Other,Atlanta,GA
20070226CASLA,Other,Azusa,CA
20070208TXSTP,Other,Port Arthur,TX
20070208ORCRP,Handgun,Prineville,OR
20070207FLPAJ,Handgun,Jacksonville,FL
20070131ILHIC,Handgun,Country Club Hills,IL
20070124TNHAS,Handgun,Savannah,TN
20070118PAWIP,Handgun,Philadelphia,PA
20070109NVWEL,Handgun,Las Vegas,NV
20070109CAGRV,unknown,Van Nuys,CA
20070108OHROC,Multiple Handguns,Cincinnati,OH
20070104MINOD,unknown,Detroit,MI
20070103WAHET,Handgun,Tacoma,WA
20070102NCWEF,Handgun,Fayetteville,NC
20061214PAMCC,Rifle,Claysville,PA
20061213PABAB,Other,Bangor,PA
20061212PASPS,Rifle,Springfield Township,PA
20061211ILCLC,Handgun,Chicago,IL
20061207NENOO,Handgun,Omaha,NE
20061201NCJOT,Handgun,Trenton,NC
20061122GASAA,Handgun,Atlanta,GA
20061111CALIO,Handgun,Oakland,CA
20061031TNHAK,Handgun,Knoxville,TN
20061017TXSEK,unknown,Katy,TX
20061012MDGRB,Handgun,Baltimore,MD
20061010NYPOP,Other,Pomona,NY
20061009MOMEJ,Rifle,Joplin,MO
20061002PAWEN,unknown,Nickel Mines,PA
20060929WIWEC,unknown,Cazenovia,WI
20060927COPLB,Multiple Handguns,Bailey,CO
20060921DCCAW,Handgun,Washington,DC
20060913MOWEC,Handgun,Creve Coeur,MO
20060908TXSOF,Handgun,Fort Worth,TX
20060905TNKIM,Handgun,Memphis,TN
20060831ALOXO,Handgun,Oxford,AL
20060830NCORH,unknown,Hillsborough,NC
20060829DCANW,Handgun,Washington,DC
20060824VTESE,Handgun,Essex Junction,VT
20060821INCAN,Handgun,Newburgh,IN
20060820GALYH,Handgun,Hinesville,GA
20060819OHSOY,Handgun,Youngstown,OH
20060817TXMEA,Handgun,Austin,TX
20060815KYJTV,Handgun,Vine Grove,KY
20060731FLYOT,Handgun,Tampa,FL
20060615MIPED,Handgun,Detroit,MI
20060606INWIG,Handgun,Gary,IN
20060605CAVEL,Handgun,Los Angeles,CA
20060525PANON,Rifle,Northampton,PA
20060522SCBUI,Handgun,Irmo,SC
20060505FLPAM,Handgun,Miramar,FL
20060424NCEAC,Shotgun,Chapel Hill,NC
20060418TXWEH,Handgun,Houston,TX
20060405DCROW,unknown,Washington,DC
20060314NVPIR,Handgun,Reno,NV
20060310NYISN,Other,New York,NY
20060223ORROR,Handgun,Roseburg,OR
20060221PAWEP,Rifle,Pittsburgh,PA
20060215PAWEY,Handgun,York,PA
20060209DEWIN,Handgun,New Castle,DE
20060203CALOC,Handgun,Compton,CA
20060130MTCMG,Handgun,Great Falls,MT
20060127TXLAG,Handgun,Garland,TX
20060123CAWIV,Handgun,Vacaville,CA
20060119OHWIC,unknown,Cincinnati,OH
20060118VAINC,Handgun,Chesapeake,VA
20060118TXPAA,Handgun,Alvin,TX
20060118MTFRA,Other,Anaconda,MT
20060113MIOSD,Handgun,Detroit,MI
20060113FLMIL,Rifle,Longwood,FL
20060113ALPIP,Handgun,Pinson,AL
20060111WIMAM,unknown,Milwaukee,WI
20060110DEMOW,Handgun,Wilmington,DE
20060103NJLIJ,Handgun,Jersey City,NJ
20051206MICED,Handgun,Detroit,MI
20051206CASAG,Handgun,Garden Grove,CA
20051205MABOR,Handgun,Roxbury,MA
20051116TXIRS,Handgun,San Antonio,TX
20051115FLPAM,Handgun,Miramar,FL
20051108TNCAJ,Handgun,"Jacksboro, TN",TN
20051028NYFAF,Handgun,Farmingdale,NY
20051028MDANA,Handgun,Annapolis,MD
20051027CABIF,unknown,Fresno,CA
20051020MISAS,Handgun,Saginaw,MI
20051019CASAS,unknown,San Bernardino,CA
20051014NYSAN,Handgun,New York,NY
20051011MIFAF,Shotgun,Farmington,MI
20050924MISAS,unknown,Saginaw,MI
20050913ILHAC,Handgun,Chicago,IL
20050902FLSOJ,Handgun,Jacksonville,FL
20050901AKDIA,Handgun,Anchorage,AK
20050825TNMAD,Handgun,Dandridge,TN
20050819GAMOM,Handgun,Morrow,GA
20050817CAPLB,Handgun,Bakersfield,CA
20050816VICOE,unknown,Estate Concordia,VI
20050718NJWEN,Handgun,Newark,NJ
20050612NJBAA,Handgun,Asbury Park,NJ
20050608NYARP,Other,Poughkeepsi,NY
20050524LABOS,Handgun,Shreveport,LA
20050524COACD,Other,Denver,CO
20050520ILLOM,Other,Marengo,IL
20050517PAHIL,Handgun,Lower Allen Township,PA
20050514TXBER,Handgun,Richardson,TX
20050429OHDAC,unknown,Cleveland,OH
20050427LALER,Handgun,Reserve,LA
20050407TXCAC,Handgun,Canton,TX
20050330TNEAM,Handgun,Memphis,TN
20050324TNFAM,Handgun,Memphis,TN
20050321NYNEB,Handgun,Brooklyn,NY
20050321MNRER,Handgun,Red Lake,MN
20050321MNRER,Shotgun,Red Lake,MN
20050317LAOPA,Handgun,Algiers,LA
20050317CALOL,Handgun,Los Angeles,CA
20050316PACAP,Rifle,Pittsburgh,PA
20050314OHLEC,Handgun,Columbus,OH
20050310TXZAD,Handgun,Dallas,TX
20050309TNMAN,Handgun,Nashville,TN
20050302TNSTD,Handgun,Dover,TN
20050208ILBOC,unknown,Chicago,IL
20050204GAMCA,Handgun,Atlanta,GA
20050126ILWOP,Handgun,Peoria,IL
20050105PAMUN,Handgun,North Philadelphia,PA
20041231TXRIR,Handgun,Richmond,TX
20041213LALAL,Handgun,Lake Charles,LA
20041209WALAS,unknown,Spokane,WA
20041119FLTEJ,Handgun,Jacksonville,FL
20041117FLAPA,Handgun,Apopka,FL
20041116SCBAB,Handgun,Beaufort,SC
20041115INBRG,unknown,Gary,IN
20041115ALPAB,Handgun,Birmingham,AL
20041022CATYH,unknown,Hayward,CA
20041021MDTHB,Handgun,Baltimore,MD
20041015CABIB,unknown,Biggs,CA
20041012CALAS,Handgun,Sunnyvale,CA
20041007MANEN,Shotgun,Newburyport,MA
20041002NEJEG,Handgun,Grand Island,NE
20040915INWIG,Handgun,Gary,IN
20040912LABON,Handgun,New Orleans,LA
20040830ILPRM,Handgun,Maywood,IL
20040824TNHAM,Handgun,Memphis,TN
20040803ALHUB,Handgun,Birmingham,AL
20040609CACAO,unknown,Oakland,CA
20040524UTWES,Handgun,Salt Lake City,UT
20040512CAEAM,Shotgun,Merced,CA
20040507MDRAR,Handgun,Randallstown,MD
20040504TXKAH,unknown,Houston,TX
20040317WACRJ,Rifle,Joyce,WA
20040305CASAL,unknown,Los Angeles,CA
20040220LAGAS,Handgun,St. Martinville,LA
20040213OHCOD,Handgun,Dayton,OH
20040211PATMP,unknown,Philadelphia,PA
20040209NYCOE,Shotgun,East Greenbush,NY
20040206LAFAS,Handgun,Shreveport,LA
20040203TXYOH,Handgun,Houston,TX
20040202DCBAW,Handgun,Washington,DC
20040121NVFAH,Handgun,Henderson,NV
20040115CAPOP,Handgun,Pomona,CA
20031229FLABE,unknown,East Arlington,FL
20031222NJCOW,Handgun,Woodbridge,NJ
20031217MDOLM,Handgun,Millersville,MD
20031205ILCAC,Handgun,Carbondale,IL
20031204OKDOO,Handgun,Oklahoma City,OK
20031202ILFEC,Handgun,Chicago,IL
20031113NCEAC,Handgun,Charlotte,NC
20031108TXHIS,Handgun,Sugarland,TX
20031030DCANW,Handgun,Washington,DC
20031029LAMAM,Handgun,Marion,LA
20031007OHKEA,Handgun,Akron,OH
20031001CARIS,Shotgun,Sacramento,CA
20030925NCBUL,Handgun,Lawndale,NC
20030924MNROC,Handgun,Cold Spring,MN
20030922WALES,Handgun,Spokane,WA
20030917MDOKE,Handgun,Eldersburg,MD
20030917MACHB,Handgun,Boston,MA
20030910MSVIV,Handgun,Vicksburg,MS
20030513PAFOJ,unknown,Johnstown,PA
20030424PARER,Multiple Handguns,Red Lion,PA
20030416TXGRA,unknown,Addison,TX
20030414LAJON,Multiple Rifles,New Orleans,LA
20030414LAFAS,Handgun,Shereveport,LA
20030410CAWAW,Handgun,Walnut,CA
20030401DCCAW,Handgun,Washington,DC
20030330CAROW,Handgun,Watsonville,CA
20030321MSNOM,Handgun,Meridian,MS
20030318IACLG,Rifle,Guttenberg,IA
20030205CORAW,Handgun,Westminster,CO
20030130OKJEJ,Handgun,Jenks,OK
20030121KYWEO,Handgun,Olive Hill,KY
20021216ILENC,Handgun,Chicago,IL
20021212WAWIC,Rifle,Carson,WA
20021202MIOSD,Handgun,Detroit,MI
20021115TXSCS,Shotgun,Scurry,TX
20021115CAAML,unknown,Los Angeles,CA
20021107MOSTL,Handgun,Liberty,MO
20021029NJLIJ,Handgun,Jersey City,NJ
20021007MDBEB,Rifle,Bowie,MD
20021004TXPAS,Handgun,San Antonio,TX
20021004MTCMG,Handgun,Great Falls,MT
20020426LAABN,Handgun,New Orleans,LA
20020406MDLEB,Handgun,Baltimore,MD
20020322CAJOC,Handgun,Carmichael,CA
20020207ILROC,Handgun,Chicago,IL
20020206CAGAL,Handgun,Los Angeles,CA
20020201TXBRB,Handgun,Brock,TX
20020124PAOLO,Rifle,Oley,PA
20020115NYMAN,Handgun,New York,NY
20020111MSRAJ,unknown,Jackson,MS
20011130TXFRF,Handgun,Friendswood,TX
20011112MICAC,unknown,Caro,MI
20011026MIBES,Handgun,Siginaw,MI
20011026CARER,Handgun,Redondo Beach,CA
20011012UTTAT,Handgun,Taylorsville,UT
20010921MDLAB,Handgun,Baltimore,MD
20010912KYLAC,Handgun,Covington,KY
20010730CABEL,Handgun,Los Angeles,CA
20010607TXOUA,Handgun,Arlington,TX
20010515TXENE,Handgun,Ennis,TX
20010425OHJOC,unknown,Cleveland,OH
20010420LAMOM,Handgun,Monroe,LA
20010410WAWAM,Rifle,Mattawa,WA
20010402TXKLH,Handgun,Houston,TX
20010330INLEG,Handgun,Gary,IN
20010322CAGRE,unknown,El Cajon,CA
20010307WAKEC,Handgun,Covington,WA
20010307PABIW,Handgun,Williamsport,PA
20010306MDLAL,Handgun,Largo,MD
20010305CASAS,Handgun,Santee,CA
20010302CAHOS,unknown,San Diego,CA
20010202MIOSD,unknown,Detroit,MI
20010117MDLAB,Handgun,Baltimore,MD
20010110CAHUO,Handgun,Oxnard,CA
20010103CABAS,Handgun,San Francisco,CA
20001221FLNOM,unknown,Miami,FL
20001207CARIR,unknown,Richmond,CA
20001201CAJUS,unknown,San Diego,CA
20001201CAGRL,Handgun,Los Angeles,CA
20001101TXNEC,Handgun,Carrollton,TX
20001024AZPIG,Handgun,Glendale,AZ
20001005MNMIM,unknown,Minneapolis,MN
20000926LACAN,Handgun,New Orleans,LA
20000918OHMOM,Handgun,Mount Healthy,OH
20000907ILLOR,Handgun,Rock Island,IL
20000905OHBIB,unknown,Bidwell,OH
20000726OHTIC,unknown,Canton,OH
20000717WADIR,Handgun,Renton,WA
20000526FLLAL,Handgun,Lake Worth,FL
20000510AZCAS,Handgun,Sierra Vista,AZ
20000502COTHD,unknown,Denver,CO
20000410AZLAT,Handgun,Tucson,AZ
20000406OKHUH,Handgun,Hugo,OK
20000323OHMCL,Handgun,Lisbon,OH
20000310GABES,unknown,Savannah,GA
20000229MIBUF,Handgun,Flint,MI
20000214ILDUC,Handgun,Chicago,IL
20000210PAPEY,Handgun,Yeadon,PA
20000126NESOO,unknown,Omaha,NE
20000126CAALM,Handgun,Merced,CA
20000120NCERA,Rifle,Asheville,NC
20000119FLRIN,Handgun,New Port Richey,FL
20000113NMALA,Handgun,Albuquerque,NM
20000110AKBAA,Handgun,Anchorage,AK
19991206OKFOF,Handgun,Fort Gibson,OK
19991119NMDED,Handgun,Deming,NM
19991117TXDID,Rifle,Dickinson,TX
19991026WVGUB,unknown,Branchland,WV
19991026PAMAP,unknown,Philadelphia,PA
19991021CASAP,Handgun,Pacoima,CA
19991011NVCLL,Handgun,Las Vegas,NV
19991004SDJOP,Handgun,Philadelphia City,SD
19990927FLEGT,unknown,Tampa,FL
19990909CASAS,Handgun,San Jose,CA
19990825GAJAM,unknown,Monticello,GA
19990520GAHEC,Handgun,Conyers,GA
19990520GAHEC,Rifle,Conyers,GA
19990422LASCB,Handgun,Baton Rouge,LA
19990422GAMAA,Handgun,Atlanta,GA
19990420COCOL,Handgun,Littleton,CO
19990420COCOL,Rifle,Littleton,CO
19990420COCOL,Shotgun,Littleton,CO
19990420COCOL,Shotgun,Littleton,CO
19990416IDNON,Shotgun,Notus,ID
19990304ILNIS,Handgun,Skokie,IL
19990211MSJEP,unknown,Purvis,MS
19990211ILOME,Handgun,Elgin,IL
19990121TXRIN,Handgun,North Richland Hills,TX
19990114NYHAN,Handgun,New York,NY
19990108GACEC,Handgun,Carrollton,GA
19981211INBEI,Handgun,Indianapolis,IN
19981203INERG,Handgun,Gary,IN
19981130NYHAH,Handgun,Hancock,NY
19981103PAMAP,Rifle,Philadelphia,PA
19980930FLNOM,unknown,Miami,FL
19980930FLLEL,Handgun,Leesburg,FL
19980911CAHEG,unknown,Glendale,CA
19980615VAARR,Handgun,Richmond,VA
19980529FLSTF,Handgun,Ft. Lauderdale,FL
19980527CAWAP,unknown,Pasadena,CA
19980521WAONO,Handgun,Onalaska,WA
19980521ORTHS,Handgun,Springfield,OR
19980521ORTHS,Handgun,Springfield,OR
19980521ORTHS,Rifle,Springfield,OR
19980521CARIR,Handgun,Rialto,CA
19980519TNLIF,Rifle,Fayetteville,TN
19980501NYPUB,Handgun,Buffalo,NY
19980501FLNOM,unknown,Miami,FL
19980428WIPAP,Handgun,Pardeeville,WI
19980428CAPHP,Handgun,Pomona,CA
19980424PAPAE,Handgun,Edinboro,PA
19980423CACUL,unknown,Los Angeles,CA
19980409IDTHA,Multiple Handguns,Pocatello,ID
19980331WIOAO,Rifle,Oakfield,WI
19980330NCGRC,Handgun,Chapel Hill,NC
19980325MICOC,Shotgun,Coldwater,MI
19980325CAFED,Handgun,Daly City,CA
19980324ARWEJ,unknown,Jonesboro,AR
19980227VAMAF,Rifle,Fairfax,VA
19980225MIRER,Rifle,Reed City,MI
19980212NJHOH,Handgun,Hoboken,NJ
19971215ARSTS,Rifle,Stamps,AR
19971201KYHEW,unknown,West Paducah,KY
19971201KYHEW,Shotgun,West Paducah,KY
19971201KYHEW,Shotgun,West Paducah,KY
19971113CACRS,Handgun,Sacramento,CA
19971107FLRIJ,Handgun,Jacksonville,FL
19971022CAJON,Handgun,Norwalk,CA
19971020CAMCO,unknown,Oakland,CA
19971015FLLIP,Shotgun,Palmetto,FL
19971014TXLAG,Handgun,Garland,TX
19971010INWAG,Handgun,Gary,IN
19971005OKMOO,Handgun,Oklahoma City,OK
19971001MSPEP,Rifle,Pearl,MS
19970624ALJEM,Handgun,Montgomery,AL
19970520OHDUD,Handgun,Dayton,OH
19970513FLNOM,Handgun,Miami,FL
19970430NYCIN,unknown,New York,NY
19970428CAJOL,Handgun,Los Angeles,CA
19970403CAMAM,unknown,Mar Vista,CA
19970317MIPED,Handgun,Detroit,MI
19970221NVRAL,Handgun,Las Vegas,NV
19970220FLFIJ,Handgun,Jacksonville,FL
19970219AKBEB,Shotgun,Bethel,AK
19970213NYSAB,Handgun,Bronx,NY
19970213NYMOB,Handgun,Bronx,NY
19970206MSWIJ,Handgun,Jackson,MS
19970127FLCOW,Handgun,West Palm Beach,FL
19970108NYCRN,Handgun,New York,NY
19961127CAHIS,Handgun,Sacramento,CA
19961014MOSUS,unknown,St. Louis,MO
19961009ARJAS,unknown,Sherwood,AR
19961004CASTP,unknown,Playa Del Rey,CA
19961002PASMP,unknown,Philadelphia,PA
19960925GADED,unknown,Decatur,GA
19960726CAJOL,Handgun,Los Angeles,CA
19960604CAWEH,unknown,Hemet,CA
19960522CACOC,Handgun,Colton,CA
19960514UTBIT,Handgun,Taylorsville,UT
19960415DCMCW,unknown,Washington,DC
19960411ALTAT,Shotgun,Talladega,AL
19960319NVSWL,Other,Las Vegas,NV
19960311NCNON,Handgun,New Longdon,NC
19960229MOBES,Handgun,St. Louis,MO
19960222GAJES,Handgun,Savannah,GA
19960208CAMIM,unknown,Menlo Park,CA
19960202WAFRM,Handgun,Moses Lake,WA
19960202WAFRM,Handgun,Moses Lake,WA
19960202WAFRM,Rifle,Moses Lake,WA
19960126TNEAM,Handgun,Memphis,TN
19960119DCWIW,unknown,Washington,DC
19960102PAGIG,unknown,Girard,PA
19951128NYTHN,Handgun,New York,NY
19951115TNRIL,Rifle,Lynnville,TN
19951102FLBLM,unknown,Miami Beach,FL
19951030VAJOR,Handgun,Richmond,VA
19951023FLLAC,Handgun,Casselberry,FL
19951012SCBLB,Handgun,Blackville,SC
19950929FLTAT,Handgun,Tavares,FL
19950927ALBLP,Handgun,Prichard,AL
19950915KYGEW,Multiple Handguns,Winchester,KY
19950914KSOLO,Handgun,Olathe,KS
19950912TNCYM,Handgun,Memphis,TN
19950829TXMEL,Shotgun,Laredo,TX
19950614FLLAL,Handgun,Lake Worth,FL
19950327MIRED,Handgun,Detroit,MI
19950303MIPED,Handgun,Detroit,MI
19950208NECHS,Handgun,Scottsbluff,NE
19950202CAJOL,Handgun,Long Beach,CA
19950124DCSPW,Handgun,Washington,DC
19950123CASAR,Shotgun,Redlands,CA
19950112WAGAS,Handgun,Seattle,WA
19950110FLPAP,Handgun,Palm Beach Gardens,FL
19950105DCCAW,Handgun,Washington,DC
19941207FLPAM,Handgun,Melbourne,FL
19941115WASTT,Handgun,Tacoma,WA
19941108IAWEM,unknown,Manchester,IA
19941107OHWIW,unknown,Wickliffe,OH
19941105CATHS,Handgun,San Leandro,CA
19941031CAALA,Handgun,Aliso Veijo,CA
19941017ILHUC,Handgun,Chicago,IL
19941012NCGRG,unknown,Greensboro,NC
19940922ORLEL,Handgun,Lebanon,OR
19940919CALOL,unknown,Los Angeles,CA
19940908NYSWA,Handgun,Albany,NY
19940907CAHOL,unknown,Los Angeles,CA
19940725IAOTO,Handgun,Ottumwa,IA
19940724PAMAM,unknown,Manchester,PA
19940526KYLAU,Handgun,Union,KY
19940525NJLAW,Handgun,Wanaque,NJ
19940525INLAS,Handgun,South Bend,IN
19940502FLNON,Handgun,North Miami,FL
19940421TNJTN,Handgun,Nashville,TN
19940420INDIS,Handgun,South Bend,IN
19940419DCELW,unknown,Washington,DC
19940413CA49L,Handgun,Los Angeles,CA
19940412MTMAB,Handgun,Butte,MT
19940408MDLAU,Handgun,Upper Marlboro,MD
19940405TXMCA,Handgun,Austin,TX
19940325GAETC,Handgun,Cherokee County,GA
19940323WABAS,unknown,Seattle,WA
19940315SCGOC,unknown,Charleston,SC
19940309DCEAW,Handgun,Washington,DC
19940303ALENB,Handgun,Birmingham,AL
19940301MOKEB,Shotgun,Boonville,MO
19940218SCSPS,Handgun,Spartanburg,SC
19940208MIOSD,unknown,Detroit,MI
19940131WAWHS,Rifle,Seattle,WA
19940127CAWAS,unknown,San Jose,CA
19940126DCPAW,Handgun,Washington,DC
19940126DCELW,unknown,Washington,DC
19940124SCEAC,Handgun,Columbia,SC
19940121TXKEK,Rifle,Kennard,TX
19940120CALOH,unknown,Hacienda Heights,CA
19931217MICHC,Handgun,Chelsea,MI
19931215CACHS,Handgun,San Fernando Valley,CA
19931208GABES,Handgun,Savannah,GA
19931202CTNEN,unknown,New Britain,CT
19931201WIWAW,unknown,Wauwatosa,WI
19931111ILRIS,Handgun,Springfield,IL
19931104MSBAB,unknown,Bay Springs,MS
19931104FLTEJ,Handgun,Jacksonville,FL
19931104CTNEN,unknown,New Britain,CT
19931101ILSUC,Handgun,Chicago,IL
19931018DCJHW,Handgun,Washington,DC
19931012DEDON,Handgun,New Castle,DE
19930928MSCOG,Handgun,Greenville,MS
19930925DCWEW,Handgun,Washington,DC
19930917WYCES,unknown,Sheridan,WY
19930917ILDOD,Handgun,Downers Grove,IL
19930916ILROC,unknown,Chicago,IL
19930912ALFAF,Handgun,Fairfield,AL
19930902TXROD,Handgun,Dallas,TX
19930901KSJUJ,Handgun,Junction City,KS
19930831GAHAA,Handgun,Atlanta,GA
19930803NYTHN,Handgun,New York,NY
19930707CADOL,Handgun,Los Angeles,CA
19930527LAFRN,Handgun,New Orleans,LA
19930524PAUPP,Handgun,Pennsburg,PA
19930514TXNII,Handgun,Irving,TX
19930416WAMOT,Handgun,Tacoma,WA
19930416CAGRS,Handgun,Sacramento,CA
19930415MAFOA,Shotgun,Acushnet,MA
19930403CAGRS,Shotgun,Sacramento,CA
19930325MOSUS,Handgun,St. Louis,MO
19930318GAHAH,Handgun,Harlem,GA
19930308VADOD,Handgun,Denbigh,VA
19930226MAGLG,unknown,Gloucester,MA
19930222CAREL,Handgun,Los Angeles,CA
19930208MNMIM,Rifle,Middle River,MN
19930208DCWAW,Handgun,Washington,DC
19930204GACLA,Handgun,Atlanta,GA
19930203SCLEL,Handgun,Lexington,SC
19930203SCGAC,Handgun,Charleston,SC
19930201WARER,unknown,Redmond,WA
19930201NYAMA,Handgun,Amityville,NY
19930121CAFAL,Handgun,Los Angeles,CA
19930118KYEAG,Handgun,Grayson,KY
19930112FLNOM,Handgun,Miami,FL
19930108PACRM,Handgun,Meadville,PA
19930105NYBRB,unknown,Brentwood,NY
19921214NYWAW,Handgun,Walton,NY
19921203ILWOC,Handgun,Chicago,IL
19921130ILORC,Handgun,Chicago,IL
19921124ALROM,Handgun,Montgomery,AL
19921120ILTIC,Handgun,Chicago,IL
19921116ALFAB,Handgun,Birmingham,AL
19921113TXLAC,Handgun,Cypress,TX
19921110ILSHC,Handgun,Chicago,IL
19921104MIMUD,Handgun,Detroit,MI
19921104MIMAD,unknown,Detroit,MI
19921104MIFID,unknown,Detroit,MI
19921019NYEVB,Rifle,Bronx,NY
19921013AZDET,Handgun,Tucson,AZ
19920930TXHOH,Shotgun,Houston,TX
19920930CAPAL,Handgun,Los Angeles,CA
19920928CAHIS,Handgun,Sacramento,CA
19920911TXPAA,Handgun,Amarillo,TX
19920606CAMEM,Handgun,Merced,CA
19920530DCARW,Handgun,Washington,DC
19920529CAVEL,unknown,Los Angeles,CA
19920514TXHUH,Handgun,Huntsville,TX
19920514CASIN,Handgun,Napa,CA
19920501CALIO,Rifle,Olivehurst,CA
19920501CALIO,Shotgun,Olivehurst,CA
19920417TXLID,unknown,Dallas,TX
19920409FLFOF,Handgun,Fort Myers,FL
19920331LAOPA,Handgun,Algiers,LA
19920305OHHAO,Handgun,Obetz,OH
19920226NYTHB,Handgun,Brooklyn,NY
19920207VABON,Handgun,Norfolk,VA
19920206OKDOO,unknown,Oklahoma City,OK
19920131LAFRG,Handgun,Gentilly,LA
19920128LAFRG,Handgun,Gentilly,LA
19920117SCGRG,Handgun,Greenwood,SC
19911226NCWHW,Handgun,Whiteville,NC
19911125NYTHB,Handgun,Brooklyn,NY
19911114TXMIH,Handgun,Houston,TX
19911111TXYSE,Handgun,El Paso,TX
19911106LAWAN,Handgun,New Orleans,LA
19911023TXOAD,Handgun,Dallas,TX
19911015TXGEP,Rifle,Pasadena,TX
19911015SCWOW,Handgun,Woodruff,SC
19911015NHMOS,Rifle,Swanzey,NH
19911011MAMAR,Handgun,Roxbury,MA
19911009NYJAB,Handgun,Bronx,NY
19911004CAROL,Handgun,Los Angeles,CA
19911004CADOL,Handgun,Los Angeles,CA
19911002TXSPH,Handgun,Houston,TX
19910918TXCRC,Handgun,Crosby,TX
19910917ILWOC,Handgun,Chicago,IL
19910913TXMAH,Handgun,Houston,TX
19910730CAENC,Handgun,Compton,CA
19910722CAWEL,Handgun,Los Angeles,CA
19910521FLSCP,Handgun,Pahokee,FL
19910521CAROS,Handgun,Sherman Oaks,CA
19910516KSCOK,Rifle,Kansas City,KS
19910510OHFRC,Handgun,Columbus,OH
19910423MSHUB,Handgun,Belzoni,MS
19910423CARAC,unknown,Compton,CA
19910411SCNOR,Handgun,Rock Hill,SC
19910325NCGAC,unknown,Charlotte,NC
19910314SCWOP,unknown,Piedmont,SC
19910313ALSES,Handgun,Selma,AL
19910219LABON,Handgun,New Orleans,LA
19910117TXHOD,Handgun,Dallas,TX
19910108TXRIR,Handgun,Richardson,TX
19901213LASAS,unknown,Slidell,LA
19901110TXJUD,Handgun,Dallas,TX
19901030TXNAG,Handgun,Garland,TX
19901029INCHC,Handgun,Charlestown,IN
19901002TXWHD,Handgun,Dallas,TX
19900922ALLEB,Handgun,Birmingham,AL
19900911TXSAS,Handgun,San Antonio,TX
19900906GASOC,Rifle,Cumming,GA
19900906GASOC,Shotgun,Cumming,GA
19900906GASOC,Handgun,Cumming,GA
19900827TXWHD,Handgun,Dallas,TX
19900827NVELL,Handgun,Las Vegas,NV
19900824NCMYC,Handgun,Charlotte,NC
19900531TXSUF,Handgun,Fort Worth,TX
19900520TNHIC,unknown,Centerville,TN
19900504CAMOE,Handgun,East San Jose,CA
19900403TXSKD,Handgun,Dallas,TX
19900327NYNEB,Handgun,Brooklyn,NY
19900220OHTAC,Handgun,Cincinnati,OH
19900116RICEP,unknown,Providence,RI
19891212SCCHC,Handgun,Chester,SC
19891205TXWWD,Handgun,Dallas,TX
19891205PASEM,Handgun,McKeesport,PA
19891204LACAS,unknown,Shreveport,LA
19891122CACHO,Handgun,Oxnard,CA
19891115TXWOA,Handgun,Arlington,TX
19891113NYALN,Handgun,New York,NY
19891031TXOLD,Other,Dallas,TX
19891005CALOA,Handgun,Anaheim,CA
19891005CALOA,Shotgun,Anaheim,CA
19890918KYJAM,Shotgun,McKee,KY
19890911AZDYE,Handgun,El Mirage,AZ
19890901VASAV,Multiple Handguns,Virginia Beach,VA
19890426TXAMD,Handgun,Dallas,TX
19890303INWIG,Handgun,Gary,IN
19890210UTTHK,Handgun,Kearns,UT
19890209IDRIR,Handgun,Rigby,ID
19890126DCWOW,Handgun,Washington,DC
19890117CACLS,Handgun,Stockton,CA
19890117CACLS,Rifle,Stockton,CA
19890105ARHEL,Handgun,Little Rock,AR
19881216VAATV,Handgun,Virginia Beach,VA
19881122TXABA,Handgun,Abilene,TX
19881107UTGLS,Handgun,Salt Lake City,UT
19881101FLPAJ,Handgun,Jacksonville,FL
19881007TXDIP,Handgun,Port Arthur,TX
19881007MDSOB,Handgun,Baltimore,MD
19881006ALMOM,Handgun,Mobile,AL
19881005MDEDB,Handgun,Baltimore,MD
19881004LAISB,unknown,Baton Rouge,LA
19881004FLJEJ,Handgun,Jacksonville,FL
19881003FLMAM,Rifle,Mascotte,FL
19880926SCOAG,Handgun,Greenwood,SC
19880922ILMOC,Handgun,Chicago,IL
19880903TXLID,Handgun,Dallas,TX
19880902NCGAC,Handgun,Charlotte,NC
19880902GAGLA,Handgun,Augusta,GA
19880831SCWEA,Handgun,Anderson,SC
19880831MICED,Multiple Handguns,Detroit,MI
19880711MSLAJ,Handgun,Jackson,MS
19880710WISIM,Other,Milwaukee,WI
19880630HIAIO,Handgun,Oahu,HI
19880617MIJOD,Handgun,Detroit,MI
19880602MSWIJ,Handgun,Jackson,MS
19880531NYPUB,unknown,Bronx,NY
19880520ILHUW,Handgun,Winnetka,IL
19880520ILHUW,Handgun,Winnetka,IL
19880520ILHUW,Handgun,Winnetka,IL
19880516FLFOF,Handgun,Fort Myers,FL
19880505ILMAC,Handgun,Chicago,IL
19880324TXTRA,Other,Austin,TX
19880323CACAS,unknown,San Bernadino,CA
19880304MILED,unknown,Detroit,MI
19880226RIBRB,Handgun,Bristol,RI
19880211FLPIL,Handgun,Largo,FL
19880211FLPIL,Handgun,Largo,FL
19880202ALWET,unknown,Tuscaloosa,AL
19880129TXREA,unknown,Austin,TX
19880120LASIR,Handgun,Ruston,LA
19880108PACRM,Handgun,Meadville,PA
19880106FLGAT,Handgun,Tampa,FL
19880105PASPS,Handgun,Springfield,PA
19871216TXMAK,Handgun,Katy,TX
19871215NYGRB,unknown,Brighton Beach,NY
19871204NYEAN,Handgun,New York,NY
19871202FLENJ,Handgun,Jacksonville,FL
19871130TXPES,Handgun,San Antonio,TX
19871114FLCLC,Handgun,Clearwater,FL
19871104MISOD,Handgun,Detroit,MI
19871030NCSOK,Handgun,Kingston,NC
19871014ILDUC,Handgun,Chicago,IL
19870928ILILL,Handgun,Lansing,IL
19870513ILOAO,Handgun,Oak Lawn,IL
19870506FLLET,Handgun,Tampa,FL
19870506ARMAJ,Handgun,Jonesboro,AR
19870503INPII,Handgun,Indianapolis,IN
19870430ORGRP,Handgun,Portland,OR
19870416MIMUD,Handgun,Detroit,MI
19870330CAPAS,Handgun,Santa Ana,CA
19870306TXRIE,unknown,El Paso,TX
19870302MODED,Handgun,De Kalb,MO
19870224NYMON,Handgun,New Rochelle,NY
19870213AZORM,unknown,Mayer,AZ
19870210ARDAD,Rifle,Dardanelle,AR
19870123MIRED,unknown,Detroit,MI
19870114CALOL,Handgun,Los Angeles,CA
19861204MTFEL,unknown,Lewistown,MT
19861008TXSOD,Handgun,Dallas,TX
19861003CAMOM,Handgun,Monrovia,CA
19860918CABEB,Handgun,Benicia,CA
19860912CAFAL,Handgun,Los Angeles,CA
19860517TNMAN,Handgun,Nashville,TN
19860515GACAA,Rifle,Atlanta,GA
19860509NCPIF,Handgun,Fayetteville,NC
19860429MOSES,Shotgun,Senath,MO
19860423FLCHM,Handgun,Miami,FL
19860306ILTHD,Handgun,Dolton,IL
19860224LABOS,Handgun,Slidell,LA
19860129MDLAB,Handgun,Baltimore,MD
19860117CAVAL,Handgun,Los Angeles,CA
19860109NCNOD,Handgun,Durham,NC
19851210CTPOP,Handgun,Portland,CT
19851209PAARP,Other,Philadelphia,PA
19851203NHCOC,Shotgun,Concord,NH
19851127ALCHB,Handgun,Birmingham,AL
19851126WASPS,Rifle,Spanaway,WA
19851022OHSOG,Handgun,Georgetown,OH
19851018MIMUD,Shotgun,Detroit,MI
19851008MDLAB,Handgun,Baltimore,MD
19850925OHTRT,Handgun,Trotwood,OH
19850920TXLAC,Handgun,Cypress,TX
19850909TXWHH,Handgun,Houston,TX
19850904VAEAR,Handgun,Richmond,VA
19850724TXHIH,Handgun,Highland Park,TX
19850516FLPAB,Handgun,Brookville,FL
19850418TNSOS,Handgun,South Pittsburg,TN
19850416TXMAA,Handgun,Aldine,TX
19850205CTAIH,Handgun,Hartford,CT
19850126MASTB,Handgun,Boston,MA
19850121KSGOG,Handgun,Goddard,KS
19850121KSGOG,Rifle,Goddard,KS
19850118TXARA,Shotgun,Arlington,TX
19841207MOEDS,unknown,St. Louis,MO
19841126MDMIR,Handgun,Rockdale,MD
19841109CTWIN,Handgun,New Haven,CT
19841031LAEAG,Handgun,Gonzales,LA
19841030SCPEP,Handgun,Pendleton,SC
19841024OHWEC,Handgun,Celina,OH
19841024MISOD,Handgun,Detroit,MI
19841022MICED,Handgun,Detroit,MI
19841021PAWYE,Other,Exeter,PA
19840928TXRIN,unknown,North Richland Hills,TX
19840928TXMIH,Rifle,Houston,TX
19840831LABOS,Handgun,Shreveport,LA
19840710MIMUD,unknown,Detroit,MI
19840522OHCLC,Handgun,Cleveland Heights,OH
19840518CANON,Shotgun,Norco,CA
19840517TXBOH,Handgun,Houston,TX
19840517IASOP,Handgun,Pleasant Hill,IA
19840515MTCMG,Rifle,Great Falls,MT
19840426NCROW,Handgun,Wallace,NC
19840420MIPRD,Handgun,Detroit,MI
19840405LACLC,Handgun,Clinton,LA
19840224CA49L,Rifle,Los Angeles,CA
19840224CA49L,Shotgun,Los Angeles,CA
19840224CA49L,Shotgun,Los Angeles,CA
19840221TXSHH,Handgun,Houston,TX
19840206KYCEL,Handgun,Louisville,KY
19840105MDLAB,Handgun,Baltimore,MD
19831216ILBOR,Handgun,Rockford,IL
19831202INCRC,Handgun,Crawfordsville,IN
19831118MDHAB,Handgun,Baltimore,MD
19831117ILJAC,Handgun,Chicago,IL
19831108MIHIH,Handgun,Highland Park,MI
19831022MDCAB,Other,Baltimore,MD
19831007CACOL,Handgun,Los Angeles,CA
19830930TXTET,unknown,Temple,TX
19830921MDWAB,Handgun,Baltimore,MD
19830912MIHED,Handgun,Detroit,MI
19830912CAMAC,Multiple Handguns,Compton,CA
19830526PAGRJ,Handgun,Johnstown,PA
19830523OHMAM,Handgun,Mansfield,OH
19830518FLNOM,Handgun,Miami,FL
19830516TXLAD,Handgun,Dallas,TX
19830516NYBRN,Rifle,New York,NY
19830421MOBES,unknown,St. Louis,MO
19830331ILSAC,Handgun,Chicago,IL
19830202NMALA,unknown,Alburquerque,NM
19830201TNRIM,Handgun,Murfreesboro,TN
19830131FLDED,Handgun,DeLand,FL
19830130TXWEC,Handgun,Coleman,TX
19830128MDWIB,Handgun,Baltimore,MD
19830120MOPAB,Handgun,Baldwin,MO
19830120MOPAB,Handgun,Baldwin,MO
19830118TXJOH,Handgun,Houston,TX
19821220MIFID,Handgun,Detroit,MI
19821206ALHUH,Handgun,Huntsville,AL
19821112MSWIJ,Shotgun,Jackson,MS
19821108MICOD,Handgun,Detroit,MI
19821101NYELE,Handgun,Elmont,NY
19820915ARSOP,Handgun,Pine Bluff,AR
19820910VALAB,unknown,Burke,VA
19820527NVGAL,Other,Las Vegas,NV
19820430FLANA,Handgun,Anniston,FL
19820429GARUE,Rifle,East Point,GA
19820415MDFOB,Handgun,Baltimore,MD
19820407CODEL,Handgun,Littleton,CO
19820319NVVAL,Handgun,Las Vegas,NV
19820317OHLOL,Handgun,Lorain,OH
19820315ORSPS,Handgun,Springfield,OR
19820209LAJON,unknown,New Orleans,LA
19820208MADOD,Handgun,Dorchester,MA
19820205TNHAM,Handgun,Memphis,TN
19811223NYJAB,Handgun,Brooklyn,NY
19811216TXUNH,Handgun,Houston,TX
19811209NYGEB,Handgun,Brooklyn,NY
19811013CTHAH,Handgun,Hartford,CT
19810913MDABA,Handgun,Aberdeen,MD
19810908FLSTW,Handgun,West Palm Beach,FL
19810904NMHOS,Handgun,Santa Fe,NM
19810901PAWIP,Handgun,Philadelphia,PA
19810515LANEN,Handgun,New Iberia,LA
19810407MSPOP,unknown,Poplarville,MS
19810402OHALC,Handgun,Cleveland,OH
19810328FLDIF,Handgun,Fort Lauderdale,FL
19810303INMAI,Handgun,Indianapolis,IN
19810210CAMAL,Shotgun,Los Angeles,CA
19810210ARLIL,Handgun,Little Rock,AR
19810122MDFRB,Handgun,Baltimore,MD
19810121OHWIB,Handgun,Brunswick,OH
19801212OHLOL,Handgun,Lorain,OH
19801212ALPAB,Handgun,Birmingham,AL
19801117TXEAF,Handgun,Fort Worth,TX
19801031ALHUH,Handgun,Hueytown,AL
19801013ALCET,Handgun,Tuscaloosa,AL
19800926CTBRB,Rifle,Bridgeport,CT
19800911ALJOM,Handgun,Mobile,AL
19800910DCSPW,Handgun,Washington,DC
19800908FLFOJ,Handgun,Jacksonville,FL
19800902CAWHL,Shotgun,Los Angeles,CA
19800530NYCLB,Handgun,Brooklyn,NY
19800417VACAC,Handgun,Capeville,VA
19800331MDFRB,Handgun,Baltimore,MD
19800320TXJLD,Handgun,Dallas,TX
19800215MSHUM,Handgun,McComb,MS
19800211INARI,Handgun,Indianapolis,IN
19800207TXVAL,Handgun,Longview,TX
19800201DCLAW,Handgun,"Washington, DC",DC
19800129VALAW,Handgun,Williamsburg,VA
19800107ARSTS,Handgun,Stamps,AR
19791221MOBLS,Handgun,St. Louis,MO
19791203MDEAB,Handgun,Baltimore,MD
19791130TXUNL,Handgun,Lewisville,TX
19791105INWAI,Handgun,Indianapolis,IN
19791023MOOFS,Handgun,St. Louis,MO
19790928MACHC,Rifle,Charlestown,MA
19790926LACAN,Handgun,New Orleans,LA
19790614OHNEN,Handgun,New Carlisle,OH
19790426TXAZA,Handgun,Azle,TX
19790425PAMAH,Rifle,Hughestown,PA
19790416WIWIM,Shotgun,Milwaukee,WI
19790328CALOL,Handgun,Los Angeles,CA
19790314FLMCM,Handgun,Miami,FL
19790226CABAB,Handgun,Barstow,CA
19790129CAGRS,Rifle,San Diego,CA
19781214CTWIN,Handgun,New Haven,CT
19781129NYPAN,Handgun,New York,NY
19781017MOUNU,Handgun,University City,MO
19781017ALLAL,Handgun,Lanett,AL
19780610MAWEW,Handgun,Weymouth,MA
19780607DEDOD,Handgun,Dover,DE
19780519PADOP,Multiple Rifles,Philadelphia,PA
19780518TXMUA,Rifle,Austin,TX
19780428ILRIN,Handgun,Norridge,IL
19780426TXPAD,Handgun,Dallas,TX
19780414MIFOD,Handgun,Detroit,MI
19780329TNGAN,Handgun,Nashville,TN
19780309CAMOS,Rifle,Santa Rosa,CA
19780222MIEVL,Handgun,Lansing,MI
19780209WVHAS,Handgun,St. Albans,WV
19780111KYCHH,Handgun,Hopkinsville,KY
19771215MABLC,unknown,Canton,MA
19771212FLWEW,Handgun,Winter Garden,FL
19771209CAPES,Handgun,Santa Rosa,CA
19771129MOVAS,unknown,St. Louis,MO
19771129MOHAS,Rifle,St. Louis,MO
19770711COSOC,Handgun,Colorado Springs,CO
19770622ILHOC,unknown,Chicago,IL
19770517FLSTC,Rifle,Cocoa,FL
19770418TNPIN,Handgun,Nashville,TN
19770407TXWHW,Handgun,Whitharral,TX
19770321NYPAH,Rifle,Hamburg,NY
19770308ILCOE,Handgun,Edwardsville,IL
19770228TXHOA,Handgun,Amarillo,TX
19770228MOROS,unknown,St. Louis,MO
19770209ILFEC,Handgun,Chicago,IL
19770113ILOLB,Handgun,Blue Island,IL
19761210MOFRS,Handgun,St. Louis,MO
19761110MIBUD,Handgun,Detroit,MI
19760920NCGUG,Shotgun,Greensboro,NC
19760602MDMTC,unknown,Cumberland,MD
19760514FLPAW,Handgun,West Palm Beach,FL
19760513MOMAS,Handgun,St. Louis,MO
19760412TXODF,Handgun,Fort Worth,TX
19760212MIMUD,Handgun,Detroit,MI
19760206FLESP,unknown,Pensacola,FL
19760123OHCOC,Handgun,Columbus,OH
19760101AZCAP,Rifle,Phoenix,AZ
19751218CAORS,Rifle,Santa Ana,CA
19751024GAMUA,Handgun,Atlanta,GA
19751001NMHEA,Handgun,Artesia,NM
19750911OKGRO,unknown,Oklahoma City,OK
19750711MOCES,Handgun,St. Louis,MO
19750709ILDEC,unknown,Chicago,IL
19750527MIPID,Rifle,Detroit,MI
19750515MOROS,Handgun,St. Louis,MO
19750321VAFAR,Rifle,Richmond,VA
19750321OHPAD,Handgun,Dayton,OH
19750318MOSUS,unknown,St. Louis,MO
19750312TXJOH,Handgun,Houston,TX
19750224NJSTP,Shotgun,Penns Grove,NJ
19750207NYBOM,Handgun,Mineola,NY
19741230NYOLO,unknown,Olean,NY
19741218CAMAL,Handgun,Los Angeles,CA
19741125SCCAC,Handgun,Charleston,SC
19741121ARBOL,Handgun,Little Rock,AR
19741118SCCAC,unknown,Charleston,SC
19741021MDDOB,Handgun,Baltimore,MD
19741007LADEH,Handgun,Hahnville,LA
19740925CASAL,Handgun,Los Angeles,CA
19740923CAJED,Handgun,Daly City,CA
19740519FLHIO,Rifle,Orlando,FL
19740510TNCHR,Handgun,Rogersville,TN
19740402CTSTB,Other,Bridgeport,CT
19740322INBRB,Rifle,Brownstown,IN
19740207CAJAO,Handgun,Oakland,CA
19740122CALOL,unknown,Los Angeles,CA
19740117ILBAC,Handgun,Chicago,IL
19740117ILBAC,Handgun,Chicago,IL
19731213OHHUC,Handgun,Cincinnati,OH
19731206CAFRL,Handgun,Los Angeles,CA
19731109CALOL,unknown,Los Angeles,CA
19731108ILWOC,Handgun,Chicago,IL
19731031MONOS,Shotgun,St. Louis,MO
19731024MNCEM,Shotgun,Minneapolis,MN
19731023OHBAB,Handgun,Barberton,OH
19731023MOSUS,unknown,St. Louis,MO
19731019MOBES,unknown,St. Louis,MO
19731002ILELA,Handgun,Almwood Park,IL
19730928CAWIL,Handgun,Los Angeles,CA
19730501OHRAY,Handgun,Youngtown,OH
19730405CALOL,Handgun,Los Angeles,CA
19730226VAARR,Handgun,Richmond,VA
19730212ALBOM,Handgun,Montgomery,AL
19730131NCCUB,Handgun,Burlington,NC
19730118CAJOL,Handgun,Los Angeles,CA
19730105NCSOS,Handgun,Statesville,NC
19721129FLMIM,unknown,Miami,FL
19721127MIPOP,unknown,Pontiac,MI
19721111CAJEL,unknown,Los Angeles,CA
19720921OHTHA,Handgun,Akron,OH
19720919TXCUH,Handgun,Houston,TX
19720915MISAS,unknown,Saginaw,MI
19720914TXFRH,Handgun,Houston,TX
19720505INDEI,Handgun,Indianapolis,IN
19720504NVLIR,Handgun,Reno,NV
19720412LAEAG,unknown,Gonzales,LA
19720313TXUNH,Handgun,Houston,TX
19720228CAMAL,Handgun,Los Angeles,CA
19720215ILKEC,Handgun,Chicago,IL
19720214ILCAC,Handgun,Chicago,IL
19720126MDHAB,Rifle,Baltimore,MD
19720126MDGWB,Handgun,Baltimore,MD
19720124OHSTS,Handgun,Stow,OH
19720105DCPAW,Handgun,Washington,DC
19711213MDCAB,Handgun,Baltimore,MD
19711206CALOL,Handgun,Los Angeles,CA
19711124MDEDB,Handgun,Baltimore,MD
19711108OKGRT,Handgun,Tulsa,OK
19711103NMCAC,Rifle,Carlsbad,NM
19711029MDFRB,Handgun,Baltimore,MD
19711029MDFOB,Rifle,Baltimore,MD
19711028MDCIB,Handgun,Baltimore,MD
19710929VAPEP,Handgun,Petersburg,VA
19710928MNCEM,unknown,Minneapolis,MN
19710924NYMCB,Handgun,Buffalo,NY
19710909TXDUL,Handgun,Lubbock,TX
19710820PAMOM,Handgun,Monessen,PA
19710602NYEAE,Handgun,East Aurora,NY
19710527MIBES,Handgun,Saint Joseph,MI
19710405PAWIH,Handgun,Harrisburg,PA
19710309AZROT,Handgun,Tucson,AZ
19710225OHFRC,Rifle,Cleveland,OH
19710210TXOAD,Shotgun,Dallas,TX
19710205PAJOW,Handgun,Willingboro,PA
19710202PAMOP,Handgun,Philadelphia,PA
19701212WIXAA,Handgun,Appleton,WI
19701120ILHAC,Handgun,Chicago,IL
19701027OHAPM,Handgun,Mansfield,OH
19701020TNWAN,Handgun,Nashville,TN
19701019TNBOM,Handgun,Memphis,TN
19701005MIPOD,Handgun,Detroit,MI
19700928IACED,unknown,Davenport,IA
19700924IDMEM,Handgun,Meridian,ID
19700914TNHAN,Rifle,Nashville,TN
19700831FLALM,Rifle,Miami,FL
19700828TXRIE,Handgun,El Paso,TX
19700515UTBEO,Handgun,Ogden,UT
19700508FLCAD,Handgun,Delray Beach,FL
19700422DEPIW,Handgun,Wilmington,DE
19700415ARPIP,Multiple Handguns,Pine Bluff,AR
19700323CADAL,Handgun,Long Beach,CA
19700206OHJOC,Handgun,Cleveland,OH
19700105DCUNW,Handgun,Washington,DC
19700105DCSOW,Handgun,Washington,DC
19700105DCHIW,Handgun,Washington,DC
